dataset,method,L,seed,f1
so2sat,SRQFM-PQK,2,42,0.5165367882282413
so2sat,SRQFM-PQK,2,43,0.4722729096064218
so2sat,SRQFM-PQK,2,44,0.5293079798435745
so2sat,SRQFM-PQK,2,45,0.49468042792119205
so2sat,SRQFM-PQK,2,46,0.4760059725677359
so2sat,BSCM-PQK,2,42,0.5204196331789915
so2sat,BSCM-PQK,2,43,0.44839703775159745
so2sat,BSCM-PQK,2,44,0.5186717816402314
so2sat,BSCM-PQK,2,45,0.49943115813797345
so2sat,BSCM-PQK,2,46,0.47883257971462273
so2sat,SG-BSCM-PQK,2,42,0.5226473939167686
so2sat,SG-BSCM-PQK,2,43,0.43276854604262105
so2sat,SG-BSCM-PQK,2,44,0.5131157234749256
so2sat,SG-BSCM-PQK,2,45,0.48299906583311153
so2sat,SG-BSCM-PQK,2,46,0.479246142353723
so2sat,SRQFM-PQK,4,42,0.4840603258223376
so2sat,SRQFM-PQK,4,43,0.471067125698798
so2sat,SRQFM-PQK,4,44,0.503834055329208
so2sat,SRQFM-PQK,4,45,0.4632847921868202
so2sat,SRQFM-PQK,4,46,0.47154498932076894
so2sat,BSCM-PQK,4,42,0.4981995949084695
so2sat,BSCM-PQK,4,43,0.473327596878811
so2sat,BSCM-PQK,4,44,0.49190980710036325
so2sat,BSCM-PQK,4,45,0.4720237289164391
so2sat,BSCM-PQK,4,46,0.4582798880366652
so2sat,SG-BSCM-PQK,4,42,0.47488092690021527
so2sat,SG-BSCM-PQK,4,43,0.4574493955651005
so2sat,SG-BSCM-PQK,4,44,0.48808665412628294
so2sat,SG-BSCM-PQK,4,45,0.4878805956302366
so2sat,SG-BSCM-PQK,4,46,0.4523829882109302
so2sat,SRQFM-PQK,6,42,0.4731153718526947
so2sat,SRQFM-PQK,6,43,0.4556654442107318
so2sat,SRQFM-PQK,6,44,0.4924731210109576
so2sat,SRQFM-PQK,6,45,0.4320064979874089
so2sat,SRQFM-PQK,6,46,0.45870227039040296
so2sat,BSCM-PQK,6,42,0.49626167318182074
so2sat,BSCM-PQK,6,43,0.479286140863149
so2sat,BSCM-PQK,6,44,0.48952753788824893
so2sat,BSCM-PQK,6,45,0.46206888805820556
so2sat,BSCM-PQK,6,46,0.4749281208168058
so2sat,SG-BSCM-PQK,6,42,0.4718000767024391
so2sat,SG-BSCM-PQK,6,43,0.46730030798812683
so2sat,SG-BSCM-PQK,6,44,0.4825373758021056
so2sat,SG-BSCM-PQK,6,45,0.4400811039753775
so2sat,SG-BSCM-PQK,6,46,0.4401883279648053
so2sat,SRQFM-PQK,8,42,0.47308391057508437
so2sat,SRQFM-PQK,8,43,0.45079411771028916
so2sat,SRQFM-PQK,8,44,0.47570720074052525
so2sat,SRQFM-PQK,8,45,0.43605782197593
so2sat,SRQFM-PQK,8,46,0.463776365625377
so2sat,BSCM-PQK,8,42,0.46671067007397177
so2sat,BSCM-PQK,8,43,0.44400588118682327
so2sat,BSCM-PQK,8,44,0.4921812621475258
so2sat,BSCM-PQK,8,45,0.4113733685407697
so2sat,BSCM-PQK,8,46,0.42740608825866383
so2sat,SG-BSCM-PQK,8,42,0.4065966869099228
so2sat,SG-BSCM-PQK,8,43,0.4100931204406197
so2sat,SG-BSCM-PQK,8,44,0.4710711855955322
so2sat,SG-BSCM-PQK,8,45,0.40126100442978496
so2sat,SG-BSCM-PQK,8,46,0.42882266389393503
so2sat,SRQFM-PQK,10,42,0.4545722028347581
so2sat,SRQFM-PQK,10,43,0.42741991828648623
so2sat,SRQFM-PQK,10,44,0.4724795320665207
so2sat,SRQFM-PQK,10,45,0.41745238726484146
so2sat,SRQFM-PQK,10,46,0.44170596262504963
so2sat,BSCM-PQK,10,42,0.4661550442797054
so2sat,BSCM-PQK,10,43,0.43718993201760503
so2sat,BSCM-PQK,10,44,0.44393280533809776
so2sat,BSCM-PQK,10,45,0.3885537720893193
so2sat,BSCM-PQK,10,46,0.4354194738296403
so2sat,SG-BSCM-PQK,10,42,0.3923053591302796
so2sat,SG-BSCM-PQK,10,43,0.40214631620013774
so2sat,SG-BSCM-PQK,10,44,0.43171740137578757
so2sat,SG-BSCM-PQK,10,45,0.39816971543395013
so2sat,SG-BSCM-PQK,10,46,0.3707853182910493
eurosat,SRQFM-PQK,2,42,0.7005003482397317
eurosat,SRQFM-PQK,2,43,0.6976024404483635
eurosat,SRQFM-PQK,2,44,0.7123583639887406
eurosat,SRQFM-PQK,2,45,0.6925698133682815
eurosat,SRQFM-PQK,2,46,0.6533371786107494
eurosat,BSCM-PQK,2,42,0.7031469131862593
eurosat,BSCM-PQK,2,43,0.6935985006503798
eurosat,BSCM-PQK,2,44,0.7206551417491894
eurosat,BSCM-PQK,2,45,0.6917652075483598
eurosat,BSCM-PQK,2,46,0.6585949941508362
eurosat,SG-BSCM-PQK,2,42,0.7003323179229229
eurosat,SG-BSCM-PQK,2,43,0.7007241161236685
eurosat,SG-BSCM-PQK,2,44,0.7158494965231711
eurosat,SG-BSCM-PQK,2,45,0.6918283347879834
eurosat,SG-BSCM-PQK,2,46,0.6680356378362602
eurosat,SRQFM-PQK,4,42,0.7039754937255776
eurosat,SRQFM-PQK,4,43,0.671728987234687
eurosat,SRQFM-PQK,4,44,0.6858764819397154
eurosat,SRQFM-PQK,4,45,0.7088242345307677
eurosat,SRQFM-PQK,4,46,0.66322945604315
eurosat,BSCM-PQK,4,42,0.6960286617139965
eurosat,BSCM-PQK,4,43,0.6655162508075543
eurosat,BSCM-PQK,4,44,0.6942513743329004
eurosat,BSCM-PQK,4,45,0.691523676399253
eurosat,BSCM-PQK,4,46,0.6539632193068197
eurosat,SG-BSCM-PQK,4,42,0.6983701790733522
eurosat,SG-BSCM-PQK,4,43,0.6739036322972469
eurosat,SG-BSCM-PQK,4,44,0.686198584339004
eurosat,SG-BSCM-PQK,4,45,0.6930463471675368
eurosat,SG-BSCM-PQK,4,46,0.6614789150892403
eurosat,SRQFM-PQK,6,42,0.673343191866615
eurosat,SRQFM-PQK,6,43,0.6587532710061553
eurosat,SRQFM-PQK,6,44,0.6826276942323722
eurosat,SRQFM-PQK,6,45,0.6745018217738705
eurosat,SRQFM-PQK,6,46,0.6447035620134332
eurosat,BSCM-PQK,6,42,0.6621048365955756
eurosat,BSCM-PQK,6,43,0.6653827692037801
eurosat,BSCM-PQK,6,44,0.6867343942514643
eurosat,BSCM-PQK,6,45,0.6844314215640821
eurosat,BSCM-PQK,6,46,0.6359524691625551
eurosat,SG-BSCM-PQK,6,42,0.6697036783297713
eurosat,SG-BSCM-PQK,6,43,0.6645798001307258
eurosat,SG-BSCM-PQK,6,44,0.68538375720757
eurosat,SG-BSCM-PQK,6,45,0.6835941442589688
eurosat,SG-BSCM-PQK,6,46,0.6454671036782431
eurosat,SRQFM-PQK,8,42,0.6668604836238317
eurosat,SRQFM-PQK,8,43,0.6275687809300586
eurosat,SRQFM-PQK,8,44,0.6465601247467772
eurosat,SRQFM-PQK,8,45,0.6446942094401031
eurosat,SRQFM-PQK,8,46,0.6185315701797927
eurosat,BSCM-PQK,8,42,0.6318355177974551
eurosat,BSCM-PQK,8,43,0.6641018142719693
eurosat,BSCM-PQK,8,44,0.660743463650889
eurosat,BSCM-PQK,8,45,0.6545651015518604
eurosat,BSCM-PQK,8,46,0.6136558887847546
eurosat,SG-BSCM-PQK,8,42,0.6359360318884113
eurosat,SG-BSCM-PQK,8,43,0.6355218147727577
eurosat,SG-BSCM-PQK,8,44,0.6563993406770384
eurosat,SG-BSCM-PQK,8,45,0.6364543248309669
eurosat,SG-BSCM-PQK,8,46,0.6281045727955794
eurosat,SRQFM-PQK,10,42,0.6526478906916241
eurosat,SRQFM-PQK,10,43,0.6126692250997358
eurosat,SRQFM-PQK,10,44,0.6321963003820537
eurosat,SRQFM-PQK,10,45,0.6436475844302754
eurosat,SRQFM-PQK,10,46,0.6077903408137476
eurosat,BSCM-PQK,10,42,0.6315641234049607
eurosat,BSCM-PQK,10,43,0.6263062534009325
eurosat,BSCM-PQK,10,44,0.6530356788723392
eurosat,BSCM-PQK,10,45,0.6531727412478036
eurosat,BSCM-PQK,10,46,0.6249643377992836
eurosat,SG-BSCM-PQK,10,42,0.6350279059712916
eurosat,SG-BSCM-PQK,10,43,0.6264306928709445
eurosat,SG-BSCM-PQK,10,44,0.6272341762792994
eurosat,SG-BSCM-PQK,10,45,0.6490379572669156
eurosat,SG-BSCM-PQK,10,46,0.6191898527588682
