dataset,feature_set,method,k_per_class,seed,macro_f1,n_train,n_test
so2sat,physics8,SG-BSCM,2,0,0.2734512593334574,34,1766
so2sat,physics8,BSCM-uniform,2,0,0.26880791677697846,34,1766
so2sat,physics8,SRQFM-fid,2,0,0.21716905823360136,34,1766
so2sat,physics8,RBF-SVM,2,0,0.27135908153011323,34,1766
so2sat,physics8,RandomForest,2,0,0.26171842654822336,34,1766
so2sat,physics8,SG-BSCM,2,1,0.28893486350987757,34,1766
so2sat,physics8,BSCM-uniform,2,1,0.28108901318690377,34,1766
so2sat,physics8,SRQFM-fid,2,1,0.2361691566187614,34,1766
so2sat,physics8,RBF-SVM,2,1,0.2847183139788041,34,1766
so2sat,physics8,RandomForest,2,1,0.280274763487611,34,1766
so2sat,physics8,SG-BSCM,2,2,0.2708984814252622,34,1766
so2sat,physics8,BSCM-uniform,2,2,0.2794387501360114,34,1766
so2sat,physics8,SRQFM-fid,2,2,0.24366384229598856,34,1766
so2sat,physics8,RBF-SVM,2,2,0.26998604654914643,34,1766
so2sat,physics8,RandomForest,2,2,0.23257688213235697,34,1766
so2sat,physics8,SG-BSCM,2,3,0.2604207189947845,34,1766
so2sat,physics8,BSCM-uniform,2,3,0.26603701584955375,34,1766
so2sat,physics8,SRQFM-fid,2,3,0.22420893609114922,34,1766
so2sat,physics8,RBF-SVM,2,3,0.2657901084356558,34,1766
so2sat,physics8,RandomForest,2,3,0.24218108394348659,34,1766
so2sat,physics8,SG-BSCM,2,4,0.21572746656261144,34,1766
so2sat,physics8,BSCM-uniform,2,4,0.21392637842322848,34,1766
so2sat,physics8,SRQFM-fid,2,4,0.197741540506051,34,1766
so2sat,physics8,RBF-SVM,2,4,0.21550260264450602,34,1766
so2sat,physics8,RandomForest,2,4,0.21016260939644185,34,1766
so2sat,physics8,SG-BSCM,2,5,0.20486317794815026,34,1766
so2sat,physics8,BSCM-uniform,2,5,0.20377240024919566,34,1766
so2sat,physics8,SRQFM-fid,2,5,0.20604122536426966,34,1766
so2sat,physics8,RBF-SVM,2,5,0.20220001768350634,34,1766
so2sat,physics8,RandomForest,2,5,0.2311671105541511,34,1766
so2sat,physics8,SG-BSCM,2,6,0.24871668549644396,34,1766
so2sat,physics8,BSCM-uniform,2,6,0.24261546897124767,34,1766
so2sat,physics8,SRQFM-fid,2,6,0.2185135076724454,34,1766
so2sat,physics8,RBF-SVM,2,6,0.25927525992372163,34,1766
so2sat,physics8,RandomForest,2,6,0.2526435410504144,34,1766
so2sat,physics8,SG-BSCM,2,7,0.26469809846823855,34,1766
so2sat,physics8,BSCM-uniform,2,7,0.263920418464813,34,1766
so2sat,physics8,SRQFM-fid,2,7,0.2348591592608805,34,1766
so2sat,physics8,RBF-SVM,2,7,0.26415834834405477,34,1766
so2sat,physics8,RandomForest,2,7,0.2718743996177364,34,1766
so2sat,physics8,SG-BSCM,2,8,0.2192576780912225,34,1766
so2sat,physics8,BSCM-uniform,2,8,0.21578861071865454,34,1766
so2sat,physics8,SRQFM-fid,2,8,0.19091641646776525,34,1766
so2sat,physics8,RBF-SVM,2,8,0.23749850721336288,34,1766
so2sat,physics8,RandomForest,2,8,0.22037262578648087,34,1766
so2sat,physics8,SG-BSCM,2,9,0.27457290181827815,34,1766
so2sat,physics8,BSCM-uniform,2,9,0.2729923010350851,34,1766
so2sat,physics8,SRQFM-fid,2,9,0.24298123001552452,34,1766
so2sat,physics8,RBF-SVM,2,9,0.27020221699428226,34,1766
so2sat,physics8,RandomForest,2,9,0.2565853009583086,34,1766
so2sat,physics8,SG-BSCM,2,10,0.2286817172549052,34,1766
so2sat,physics8,BSCM-uniform,2,10,0.2211817256066184,34,1766
so2sat,physics8,SRQFM-fid,2,10,0.22268695405378633,34,1766
so2sat,physics8,RBF-SVM,2,10,0.23496723810486717,34,1766
so2sat,physics8,RandomForest,2,10,0.21563276310703478,34,1766
so2sat,physics8,SG-BSCM,2,11,0.2138899071993706,34,1766
so2sat,physics8,BSCM-uniform,2,11,0.2117841117156993,34,1766
so2sat,physics8,SRQFM-fid,2,11,0.20348966365689525,34,1766
so2sat,physics8,RBF-SVM,2,11,0.2215544678109071,34,1766
so2sat,physics8,RandomForest,2,11,0.21875072573687704,34,1766
so2sat,physics8,SG-BSCM,2,12,0.2694759423994173,34,1766
so2sat,physics8,BSCM-uniform,2,12,0.27460844311881505,34,1766
so2sat,physics8,SRQFM-fid,2,12,0.24661523261834684,34,1766
so2sat,physics8,RBF-SVM,2,12,0.268894189027491,34,1766
so2sat,physics8,RandomForest,2,12,0.2611420387848492,34,1766
so2sat,physics8,SG-BSCM,2,13,0.22111954414221743,34,1766
so2sat,physics8,BSCM-uniform,2,13,0.21958271945486432,34,1766
so2sat,physics8,SRQFM-fid,2,13,0.20788275769019005,34,1766
so2sat,physics8,RBF-SVM,2,13,0.22369028514085088,34,1766
so2sat,physics8,RandomForest,2,13,0.2366534661170876,34,1766
so2sat,physics8,SG-BSCM,2,14,0.2703929337195405,34,1766
so2sat,physics8,BSCM-uniform,2,14,0.25082061466655725,34,1766
so2sat,physics8,SRQFM-fid,2,14,0.22071224357471333,34,1766
so2sat,physics8,RBF-SVM,2,14,0.27951692642199555,34,1766
so2sat,physics8,RandomForest,2,14,0.2619078376235045,34,1766
so2sat,physics8,SG-BSCM,2,15,0.29277473810222526,34,1766
so2sat,physics8,BSCM-uniform,2,15,0.2802478772327414,34,1766
so2sat,physics8,SRQFM-fid,2,15,0.24448605980488883,34,1766
so2sat,physics8,RBF-SVM,2,15,0.2872820668837576,34,1766
so2sat,physics8,RandomForest,2,15,0.2751454658373731,34,1766
so2sat,physics8,SG-BSCM,2,16,0.18720020286331884,34,1766
so2sat,physics8,BSCM-uniform,2,16,0.1900880388046009,34,1766
so2sat,physics8,SRQFM-fid,2,16,0.1615504172276904,34,1766
so2sat,physics8,RBF-SVM,2,16,0.1724952532269408,34,1766
so2sat,physics8,RandomForest,2,16,0.19215996260809717,34,1766
so2sat,physics8,SG-BSCM,2,17,0.256625423236621,34,1766
so2sat,physics8,BSCM-uniform,2,17,0.26261046103984514,34,1766
so2sat,physics8,SRQFM-fid,2,17,0.23308308997942978,34,1766
so2sat,physics8,RBF-SVM,2,17,0.253225221539046,34,1766
so2sat,physics8,RandomForest,2,17,0.2797854992162197,34,1766
so2sat,physics8,SG-BSCM,2,18,0.2804658610259856,34,1766
so2sat,physics8,BSCM-uniform,2,18,0.2859728502993856,34,1766
so2sat,physics8,SRQFM-fid,2,18,0.26368580870933844,34,1766
so2sat,physics8,RBF-SVM,2,18,0.2827582007753492,34,1766
so2sat,physics8,RandomForest,2,18,0.24098167977476248,34,1766
so2sat,physics8,SG-BSCM,2,19,0.25892231479478517,34,1766
so2sat,physics8,BSCM-uniform,2,19,0.25796772112312405,34,1766
so2sat,physics8,SRQFM-fid,2,19,0.22749479557583804,34,1766
so2sat,physics8,RBF-SVM,2,19,0.26776452827898156,34,1766
so2sat,physics8,RandomForest,2,19,0.25130585396726957,34,1766
so2sat,physics8,SG-BSCM,5,0,0.2864121330684642,85,1715
so2sat,physics8,BSCM-uniform,5,0,0.2517011207940932,85,1715
so2sat,physics8,SRQFM-fid,5,0,0.2651734809214394,85,1715
so2sat,physics8,RBF-SVM,5,0,0.2760822134498233,85,1715
so2sat,physics8,RandomForest,5,0,0.27840524286352986,85,1715
so2sat,physics8,SG-BSCM,5,1,0.2775176716234822,85,1715
so2sat,physics8,BSCM-uniform,5,1,0.276618962608858,85,1715
so2sat,physics8,SRQFM-fid,5,1,0.24780594113283788,85,1715
so2sat,physics8,RBF-SVM,5,1,0.27733820389268393,85,1715
so2sat,physics8,RandomForest,5,1,0.2744545610090213,85,1715
so2sat,physics8,SG-BSCM,5,2,0.2650228674954982,85,1715
so2sat,physics8,BSCM-uniform,5,2,0.26487575933788415,85,1715
so2sat,physics8,SRQFM-fid,5,2,0.23602146249970157,85,1715
so2sat,physics8,RBF-SVM,5,2,0.2354724512710923,85,1715
so2sat,physics8,RandomForest,5,2,0.26513411450640534,85,1715
so2sat,physics8,SG-BSCM,5,3,0.2947661042392577,85,1715
so2sat,physics8,BSCM-uniform,5,3,0.23923282805133544,85,1715
so2sat,physics8,SRQFM-fid,5,3,0.26905705395283713,85,1715
so2sat,physics8,RBF-SVM,5,3,0.2963499721166823,85,1715
so2sat,physics8,RandomForest,5,3,0.29699743704423026,85,1715
so2sat,physics8,SG-BSCM,5,4,0.2667834247022004,85,1715
so2sat,physics8,BSCM-uniform,5,4,0.27209071851085515,85,1715
so2sat,physics8,SRQFM-fid,5,4,0.2822768696049744,85,1715
so2sat,physics8,RBF-SVM,5,4,0.2655002290407146,85,1715
so2sat,physics8,RandomForest,5,4,0.2678005384762483,85,1715
so2sat,physics8,SG-BSCM,5,5,0.3018726346734169,85,1715
so2sat,physics8,BSCM-uniform,5,5,0.2765128723493018,85,1715
so2sat,physics8,SRQFM-fid,5,5,0.2539353537193623,85,1715
so2sat,physics8,RBF-SVM,5,5,0.3152222628761072,85,1715
so2sat,physics8,RandomForest,5,5,0.29797460138448023,85,1715
so2sat,physics8,SG-BSCM,5,6,0.2757670073606152,85,1715
so2sat,physics8,BSCM-uniform,5,6,0.28329631724616205,85,1715
so2sat,physics8,SRQFM-fid,5,6,0.25491928072672715,85,1715
so2sat,physics8,RBF-SVM,5,6,0.2761558954167079,85,1715
so2sat,physics8,RandomForest,5,6,0.29424220214339164,85,1715
so2sat,physics8,SG-BSCM,5,7,0.29895246933106473,85,1715
so2sat,physics8,BSCM-uniform,5,7,0.2921602238958339,85,1715
so2sat,physics8,SRQFM-fid,5,7,0.27491556046832055,85,1715
so2sat,physics8,RBF-SVM,5,7,0.30860900369628474,85,1715
so2sat,physics8,RandomForest,5,7,0.28795751643457324,85,1715
so2sat,physics8,SG-BSCM,5,8,0.30078541383997004,85,1715
so2sat,physics8,BSCM-uniform,5,8,0.3124934736298717,85,1715
so2sat,physics8,SRQFM-fid,5,8,0.289683669323578,85,1715
so2sat,physics8,RBF-SVM,5,8,0.31970342811182406,85,1715
so2sat,physics8,RandomForest,5,8,0.2917752342077147,85,1715
so2sat,physics8,SG-BSCM,5,9,0.25121218535516016,85,1715
so2sat,physics8,BSCM-uniform,5,9,0.2597936052440746,85,1715
so2sat,physics8,SRQFM-fid,5,9,0.23391259770456424,85,1715
so2sat,physics8,RBF-SVM,5,9,0.20688197004519812,85,1715
so2sat,physics8,RandomForest,5,9,0.2848761029894515,85,1715
so2sat,physics8,SG-BSCM,5,10,0.218244977047018,85,1715
so2sat,physics8,BSCM-uniform,5,10,0.28806716571887075,85,1715
so2sat,physics8,SRQFM-fid,5,10,0.20223454995898105,85,1715
so2sat,physics8,RBF-SVM,5,10,0.2609678533034053,85,1715
so2sat,physics8,RandomForest,5,10,0.2850380889723261,85,1715
so2sat,physics8,SG-BSCM,5,11,0.2597877135968318,85,1715
so2sat,physics8,BSCM-uniform,5,11,0.2781896414138283,85,1715
so2sat,physics8,SRQFM-fid,5,11,0.268314143900197,85,1715
so2sat,physics8,RBF-SVM,5,11,0.2676155954279875,85,1715
so2sat,physics8,RandomForest,5,11,0.2751994230733168,85,1715
so2sat,physics8,SG-BSCM,5,12,0.2707245663714988,85,1715
so2sat,physics8,BSCM-uniform,5,12,0.26132923827364596,85,1715
so2sat,physics8,SRQFM-fid,5,12,0.2538097725692606,85,1715
so2sat,physics8,RBF-SVM,5,12,0.2828415322972957,85,1715
so2sat,physics8,RandomForest,5,12,0.2657068918191031,85,1715
so2sat,physics8,SG-BSCM,5,13,0.2782200575846582,85,1715
so2sat,physics8,BSCM-uniform,5,13,0.28367544015717916,85,1715
so2sat,physics8,SRQFM-fid,5,13,0.24236328900768378,85,1715
so2sat,physics8,RBF-SVM,5,13,0.3110746783222301,85,1715
so2sat,physics8,RandomForest,5,13,0.28028506536604253,85,1715
so2sat,physics8,SG-BSCM,5,14,0.28802775814480036,85,1715
so2sat,physics8,BSCM-uniform,5,14,0.2762887335744341,85,1715
so2sat,physics8,SRQFM-fid,5,14,0.2612090172850569,85,1715
so2sat,physics8,RBF-SVM,5,14,0.2910960361228206,85,1715
so2sat,physics8,RandomForest,5,14,0.26941269217703,85,1715
so2sat,physics8,SG-BSCM,5,15,0.2858445142162398,85,1715
so2sat,physics8,BSCM-uniform,5,15,0.3061626242162379,85,1715
so2sat,physics8,SRQFM-fid,5,15,0.26954643608629286,85,1715
so2sat,physics8,RBF-SVM,5,15,0.2932361429741177,85,1715
so2sat,physics8,RandomForest,5,15,0.2825736805810557,85,1715
so2sat,physics8,SG-BSCM,5,16,0.29380235428913837,85,1715
so2sat,physics8,BSCM-uniform,5,16,0.2834071874641451,85,1715
so2sat,physics8,SRQFM-fid,5,16,0.26840432853982965,85,1715
so2sat,physics8,RBF-SVM,5,16,0.28290580725661285,85,1715
so2sat,physics8,RandomForest,5,16,0.2663069944353646,85,1715
so2sat,physics8,SG-BSCM,5,17,0.3038446365176142,85,1715
so2sat,physics8,BSCM-uniform,5,17,0.2762929674511471,85,1715
so2sat,physics8,SRQFM-fid,5,17,0.2604368868892325,85,1715
so2sat,physics8,RBF-SVM,5,17,0.29871658601242457,85,1715
so2sat,physics8,RandomForest,5,17,0.28800172851549594,85,1715
so2sat,physics8,SG-BSCM,5,18,0.32817856211031105,85,1715
so2sat,physics8,BSCM-uniform,5,18,0.3242523295875037,85,1715
so2sat,physics8,SRQFM-fid,5,18,0.29309484957750115,85,1715
so2sat,physics8,RBF-SVM,5,18,0.3151203191445308,85,1715
so2sat,physics8,RandomForest,5,18,0.31796981312766043,85,1715
so2sat,physics8,SG-BSCM,5,19,0.3242519784204207,85,1715
so2sat,physics8,BSCM-uniform,5,19,0.3175545743337086,85,1715
so2sat,physics8,SRQFM-fid,5,19,0.29246276315678615,85,1715
so2sat,physics8,RBF-SVM,5,19,0.3172245029786657,85,1715
so2sat,physics8,RandomForest,5,19,0.28636244471744554,85,1715
so2sat,pca8,SG-BSCM,2,0,0.11692394205519946,34,1766
so2sat,pca8,BSCM-uniform,2,0,0.11985974362698547,34,1766
so2sat,pca8,SRQFM-fid,2,0,0.11707116232539627,34,1766
so2sat,pca8,RBF-SVM,2,0,0.12314853696209754,34,1766
so2sat,pca8,RandomForest,2,0,0.13859099932647148,34,1766
so2sat,pca8,SG-BSCM,2,1,0.1085716673279317,34,1766
so2sat,pca8,BSCM-uniform,2,1,0.10711686364405038,34,1766
so2sat,pca8,SRQFM-fid,2,1,0.10386739459202983,34,1766
so2sat,pca8,RBF-SVM,2,1,0.10700738515337718,34,1766
so2sat,pca8,RandomForest,2,1,0.1169515729726194,34,1766
so2sat,pca8,SG-BSCM,2,2,0.12808951302553706,34,1766
so2sat,pca8,BSCM-uniform,2,2,0.11959423175214831,34,1766
so2sat,pca8,SRQFM-fid,2,2,0.12644677967653917,34,1766
so2sat,pca8,RBF-SVM,2,2,0.1219050381625799,34,1766
so2sat,pca8,RandomForest,2,2,0.14055133213679155,34,1766
so2sat,pca8,SG-BSCM,2,3,0.14749536118937007,34,1766
so2sat,pca8,BSCM-uniform,2,3,0.1452303697510843,34,1766
so2sat,pca8,SRQFM-fid,2,3,0.1517521747758301,34,1766
so2sat,pca8,RBF-SVM,2,3,0.14497046547268547,34,1766
so2sat,pca8,RandomForest,2,3,0.15643579166397142,34,1766
so2sat,pca8,SG-BSCM,2,4,0.09850428642512325,34,1766
so2sat,pca8,BSCM-uniform,2,4,0.09826947592833951,34,1766
so2sat,pca8,SRQFM-fid,2,4,0.0884394845044154,34,1766
so2sat,pca8,RBF-SVM,2,4,0.10736161728302991,34,1766
so2sat,pca8,RandomForest,2,4,0.13197073944429658,34,1766
so2sat,pca8,SG-BSCM,2,5,0.11112204593524966,34,1766
so2sat,pca8,BSCM-uniform,2,5,0.12122335679601386,34,1766
so2sat,pca8,SRQFM-fid,2,5,0.11886822501836844,34,1766
so2sat,pca8,RBF-SVM,2,5,0.11451627547565628,34,1766
so2sat,pca8,RandomForest,2,5,0.12574499969978145,34,1766
so2sat,pca8,SG-BSCM,2,6,0.11937767908581573,34,1766
so2sat,pca8,BSCM-uniform,2,6,0.12415250366096242,34,1766
so2sat,pca8,SRQFM-fid,2,6,0.11636409932265768,34,1766
so2sat,pca8,RBF-SVM,2,6,0.11733161435763695,34,1766
so2sat,pca8,RandomForest,2,6,0.11874680664648057,34,1766
so2sat,pca8,SG-BSCM,2,7,0.16639365921059435,34,1766
so2sat,pca8,BSCM-uniform,2,7,0.1637071140726572,34,1766
so2sat,pca8,SRQFM-fid,2,7,0.1727694123940222,34,1766
so2sat,pca8,RBF-SVM,2,7,0.15955465811348524,34,1766
so2sat,pca8,RandomForest,2,7,0.1738896127258852,34,1766
so2sat,pca8,SG-BSCM,2,8,0.11002231061170464,34,1766
so2sat,pca8,BSCM-uniform,2,8,0.10762753919759488,34,1766
so2sat,pca8,SRQFM-fid,2,8,0.10941155126929475,34,1766
so2sat,pca8,RBF-SVM,2,8,0.11676259813078414,34,1766
so2sat,pca8,RandomForest,2,8,0.1448680815223006,34,1766
so2sat,pca8,SG-BSCM,2,9,0.11634880296597128,34,1766
so2sat,pca8,BSCM-uniform,2,9,0.11113284677660354,34,1766
so2sat,pca8,SRQFM-fid,2,9,0.11305699694258817,34,1766
so2sat,pca8,RBF-SVM,2,9,0.1118077752602239,34,1766
so2sat,pca8,RandomForest,2,9,0.162430020863777,34,1766
so2sat,pca8,SG-BSCM,2,10,0.15501269929757175,34,1766
so2sat,pca8,BSCM-uniform,2,10,0.15488499338255546,34,1766
so2sat,pca8,SRQFM-fid,2,10,0.1489800917416489,34,1766
so2sat,pca8,RBF-SVM,2,10,0.1523174140392723,34,1766
so2sat,pca8,RandomForest,2,10,0.14712662590554915,34,1766
so2sat,pca8,SG-BSCM,2,11,0.14123272498783546,34,1766
so2sat,pca8,BSCM-uniform,2,11,0.14491575184208763,34,1766
so2sat,pca8,SRQFM-fid,2,11,0.13332226695057597,34,1766
so2sat,pca8,RBF-SVM,2,11,0.1365147970016181,34,1766
so2sat,pca8,RandomForest,2,11,0.157732490071657,34,1766
so2sat,pca8,SG-BSCM,2,12,0.10070012537991124,34,1766
so2sat,pca8,BSCM-uniform,2,12,0.08999764323165493,34,1766
so2sat,pca8,SRQFM-fid,2,12,0.09973432656779879,34,1766
so2sat,pca8,RBF-SVM,2,12,0.09743742497168188,34,1766
so2sat,pca8,RandomForest,2,12,0.1278462508493574,34,1766
so2sat,pca8,SG-BSCM,2,13,0.11817474654004279,34,1766
so2sat,pca8,BSCM-uniform,2,13,0.12079585858072267,34,1766
so2sat,pca8,SRQFM-fid,2,13,0.11743034188738069,34,1766
so2sat,pca8,RBF-SVM,2,13,0.11363794077202136,34,1766
so2sat,pca8,RandomForest,2,13,0.1305452736338159,34,1766
so2sat,pca8,SG-BSCM,2,14,0.12522112144403855,34,1766
so2sat,pca8,BSCM-uniform,2,14,0.12807534674683344,34,1766
so2sat,pca8,SRQFM-fid,2,14,0.13308789293468745,34,1766
so2sat,pca8,RBF-SVM,2,14,0.12246943831153591,34,1766
so2sat,pca8,RandomForest,2,14,0.15043332022566633,34,1766
so2sat,pca8,SG-BSCM,2,15,0.08701650134098747,34,1766
so2sat,pca8,BSCM-uniform,2,15,0.09044317639321094,34,1766
so2sat,pca8,SRQFM-fid,2,15,0.09543969358772163,34,1766
so2sat,pca8,RBF-SVM,2,15,0.07982164997314968,34,1766
so2sat,pca8,RandomForest,2,15,0.11347862715947762,34,1766
so2sat,pca8,SG-BSCM,2,16,0.12997601464010097,34,1766
so2sat,pca8,BSCM-uniform,2,16,0.13340288239058448,34,1766
so2sat,pca8,SRQFM-fid,2,16,0.13878214919229587,34,1766
so2sat,pca8,RBF-SVM,2,16,0.12259303843234245,34,1766
so2sat,pca8,RandomForest,2,16,0.1287705929806491,34,1766
so2sat,pca8,SG-BSCM,2,17,0.09521084663246006,34,1766
so2sat,pca8,BSCM-uniform,2,17,0.09260923965687441,34,1766
so2sat,pca8,SRQFM-fid,2,17,0.08728588481666663,34,1766
so2sat,pca8,RBF-SVM,2,17,0.08440282687078601,34,1766
so2sat,pca8,RandomForest,2,17,0.11902453334152305,34,1766
so2sat,pca8,SG-BSCM,2,18,0.13525953701404755,34,1766
so2sat,pca8,BSCM-uniform,2,18,0.13413256668504497,34,1766
so2sat,pca8,SRQFM-fid,2,18,0.13098133239367085,34,1766
so2sat,pca8,RBF-SVM,2,18,0.13665975345926212,34,1766
so2sat,pca8,RandomForest,2,18,0.13754199846140125,34,1766
so2sat,pca8,SG-BSCM,2,19,0.10151826697238638,34,1766
so2sat,pca8,BSCM-uniform,2,19,0.09583987865268617,34,1766
so2sat,pca8,SRQFM-fid,2,19,0.10445570977004415,34,1766
so2sat,pca8,RBF-SVM,2,19,0.12928025254421058,34,1766
so2sat,pca8,RandomForest,2,19,0.15222334068698398,34,1766
so2sat,pca8,SG-BSCM,5,0,0.12494310798043445,85,1715
so2sat,pca8,BSCM-uniform,5,0,0.12316916574670592,85,1715
so2sat,pca8,SRQFM-fid,5,0,0.12683740753466874,85,1715
so2sat,pca8,RBF-SVM,5,0,0.1082229350048578,85,1715
so2sat,pca8,RandomForest,5,0,0.14399303763855162,85,1715
so2sat,pca8,SG-BSCM,5,1,0.12352353750802823,85,1715
so2sat,pca8,BSCM-uniform,5,1,0.12294047793926577,85,1715
so2sat,pca8,SRQFM-fid,5,1,0.12262336247979032,85,1715
so2sat,pca8,RBF-SVM,5,1,0.14275832539964126,85,1715
so2sat,pca8,RandomForest,5,1,0.150916350393268,85,1715
so2sat,pca8,SG-BSCM,5,2,0.1305394941528759,85,1715
so2sat,pca8,BSCM-uniform,5,2,0.120715778889121,85,1715
so2sat,pca8,SRQFM-fid,5,2,0.11365298552783433,85,1715
so2sat,pca8,RBF-SVM,5,2,0.14304601728326335,85,1715
so2sat,pca8,RandomForest,5,2,0.15265394143460084,85,1715
so2sat,pca8,SG-BSCM,5,3,0.1436175178648067,85,1715
so2sat,pca8,BSCM-uniform,5,3,0.12021527843560839,85,1715
so2sat,pca8,SRQFM-fid,5,3,0.14383501673351493,85,1715
so2sat,pca8,RBF-SVM,5,3,0.1439415534866321,85,1715
so2sat,pca8,RandomForest,5,3,0.14816171969331646,85,1715
so2sat,pca8,SG-BSCM,5,4,0.11728503280299354,85,1715
so2sat,pca8,BSCM-uniform,5,4,0.12978469800518203,85,1715
so2sat,pca8,SRQFM-fid,5,4,0.11930146140103247,85,1715
so2sat,pca8,RBF-SVM,5,4,0.14478452747420784,85,1715
so2sat,pca8,RandomForest,5,4,0.1379280745981143,85,1715
so2sat,pca8,SG-BSCM,5,5,0.12927073360163804,85,1715
so2sat,pca8,BSCM-uniform,5,5,0.13502230609440502,85,1715
so2sat,pca8,SRQFM-fid,5,5,0.11848953406163384,85,1715
so2sat,pca8,RBF-SVM,5,5,0.1300468490653232,85,1715
so2sat,pca8,RandomForest,5,5,0.14341949823714584,85,1715
so2sat,pca8,SG-BSCM,5,6,0.13207792791981657,85,1715
so2sat,pca8,BSCM-uniform,5,6,0.1342191499892717,85,1715
so2sat,pca8,SRQFM-fid,5,6,0.1368685044300958,85,1715
so2sat,pca8,RBF-SVM,5,6,0.14330247682864444,85,1715
so2sat,pca8,RandomForest,5,6,0.17123988753144312,85,1715
so2sat,pca8,SG-BSCM,5,7,0.10667687887782104,85,1715
so2sat,pca8,BSCM-uniform,5,7,0.101899223613233,85,1715
so2sat,pca8,SRQFM-fid,5,7,0.11127802840840595,85,1715
so2sat,pca8,RBF-SVM,5,7,0.10325574144790242,85,1715
so2sat,pca8,RandomForest,5,7,0.17194656710231038,85,1715
so2sat,pca8,SG-BSCM,5,8,0.1117383171045989,85,1715
so2sat,pca8,BSCM-uniform,5,8,0.14069221137968893,85,1715
so2sat,pca8,SRQFM-fid,5,8,0.14194708613124601,85,1715
so2sat,pca8,RBF-SVM,5,8,0.12111866058043005,85,1715
so2sat,pca8,RandomForest,5,8,0.152069943863766,85,1715
so2sat,pca8,SG-BSCM,5,9,0.148015027370044,85,1715
so2sat,pca8,BSCM-uniform,5,9,0.1495361254976123,85,1715
so2sat,pca8,SRQFM-fid,5,9,0.1444485470193969,85,1715
so2sat,pca8,RBF-SVM,5,9,0.15735096078737315,85,1715
so2sat,pca8,RandomForest,5,9,0.13815615644771517,85,1715
so2sat,pca8,SG-BSCM,5,10,0.11946151658442052,85,1715
so2sat,pca8,BSCM-uniform,5,10,0.12448906062859659,85,1715
so2sat,pca8,SRQFM-fid,5,10,0.12059727655264707,85,1715
so2sat,pca8,RBF-SVM,5,10,0.114568122412334,85,1715
so2sat,pca8,RandomForest,5,10,0.1589311835327749,85,1715
so2sat,pca8,SG-BSCM,5,11,0.13582006351506618,85,1715
so2sat,pca8,BSCM-uniform,5,11,0.12785112300779627,85,1715
so2sat,pca8,SRQFM-fid,5,11,0.1298727123340573,85,1715
so2sat,pca8,RBF-SVM,5,11,0.14526834435635866,85,1715
so2sat,pca8,RandomForest,5,11,0.14715879873764143,85,1715
so2sat,pca8,SG-BSCM,5,12,0.10363873771871039,85,1715
so2sat,pca8,BSCM-uniform,5,12,0.10733085729904335,85,1715
so2sat,pca8,SRQFM-fid,5,12,0.1137538771296577,85,1715
so2sat,pca8,RBF-SVM,5,12,0.1269933999374357,85,1715
so2sat,pca8,RandomForest,5,12,0.14467001712727587,85,1715
so2sat,pca8,SG-BSCM,5,13,0.10172936070039171,85,1715
so2sat,pca8,BSCM-uniform,5,13,0.11906241340921898,85,1715
so2sat,pca8,SRQFM-fid,5,13,0.11671424076970874,85,1715
so2sat,pca8,RBF-SVM,5,13,0.1571478292820578,85,1715
so2sat,pca8,RandomForest,5,13,0.13999496816043777,85,1715
so2sat,pca8,SG-BSCM,5,14,0.1342097069820967,85,1715
so2sat,pca8,BSCM-uniform,5,14,0.14148966396683949,85,1715
so2sat,pca8,SRQFM-fid,5,14,0.13261391086450983,85,1715
so2sat,pca8,RBF-SVM,5,14,0.15721077961885688,85,1715
so2sat,pca8,RandomForest,5,14,0.1453391738811065,85,1715
so2sat,pca8,SG-BSCM,5,15,0.13095519534264555,85,1715
so2sat,pca8,BSCM-uniform,5,15,0.13041065452427247,85,1715
so2sat,pca8,SRQFM-fid,5,15,0.12463191592181404,85,1715
so2sat,pca8,RBF-SVM,5,15,0.13086174077495039,85,1715
so2sat,pca8,RandomForest,5,15,0.13360470655098688,85,1715
so2sat,pca8,SG-BSCM,5,16,0.12767284065207793,85,1715
so2sat,pca8,BSCM-uniform,5,16,0.1315584097328902,85,1715
so2sat,pca8,SRQFM-fid,5,16,0.13738010846681167,85,1715
so2sat,pca8,RBF-SVM,5,16,0.12845627654645894,85,1715
so2sat,pca8,RandomForest,5,16,0.1469317187268188,85,1715
so2sat,pca8,SG-BSCM,5,17,0.11237399428031057,85,1715
so2sat,pca8,BSCM-uniform,5,17,0.1297299756783583,85,1715
so2sat,pca8,SRQFM-fid,5,17,0.1305686136014838,85,1715
so2sat,pca8,RBF-SVM,5,17,0.10079613480127791,85,1715
so2sat,pca8,RandomForest,5,17,0.16239164648074353,85,1715
so2sat,pca8,SG-BSCM,5,18,0.1477301355625478,85,1715
so2sat,pca8,BSCM-uniform,5,18,0.1484273163558351,85,1715
so2sat,pca8,SRQFM-fid,5,18,0.14917840257959908,85,1715
so2sat,pca8,RBF-SVM,5,18,0.12897076059742982,85,1715
so2sat,pca8,RandomForest,5,18,0.16431376324247787,85,1715
so2sat,pca8,SG-BSCM,5,19,0.12682299380526968,85,1715
so2sat,pca8,BSCM-uniform,5,19,0.12946570695861628,85,1715
so2sat,pca8,SRQFM-fid,5,19,0.1324218097113709,85,1715
so2sat,pca8,RBF-SVM,5,19,0.15003995723306512,85,1715
so2sat,pca8,RandomForest,5,19,0.15800052893931626,85,1715
eurosat,physics8,SG-BSCM,2,0,0.4431989266473284,20,1480
eurosat,physics8,BSCM-uniform,2,0,0.035847797478347466,20,1480
eurosat,physics8,SRQFM-fid,2,0,0.4130332684154852,20,1480
eurosat,physics8,RBF-SVM,2,0,0.4437483400180279,20,1480
eurosat,physics8,RandomForest,2,0,0.41828053960135997,20,1480
eurosat,physics8,SG-BSCM,2,1,0.325275251103293,20,1480
eurosat,physics8,BSCM-uniform,2,1,0.10613214717258841,20,1480
eurosat,physics8,SRQFM-fid,2,1,0.32769395316034283,20,1480
eurosat,physics8,RBF-SVM,2,1,0.3243001868187167,20,1480
eurosat,physics8,RandomForest,2,1,0.31502333840123686,20,1480
eurosat,physics8,SG-BSCM,2,2,0.351259807303805,20,1480
eurosat,physics8,BSCM-uniform,2,2,0.026346009110714996,20,1480
eurosat,physics8,SRQFM-fid,2,2,0.32910344333723485,20,1480
eurosat,physics8,RBF-SVM,2,2,0.35779291807341895,20,1480
eurosat,physics8,RandomForest,2,2,0.3505140950413475,20,1480
eurosat,physics8,SG-BSCM,2,3,0.41207155236918513,20,1480
eurosat,physics8,BSCM-uniform,2,3,0.033210097012395356,20,1480
eurosat,physics8,SRQFM-fid,2,3,0.3994938613230731,20,1480
eurosat,physics8,RBF-SVM,2,3,0.42003818579639657,20,1480
eurosat,physics8,RandomForest,2,3,0.36771871517560456,20,1480
eurosat,physics8,SG-BSCM,2,4,0.41501457860664936,20,1480
eurosat,physics8,BSCM-uniform,2,4,0.11413761658239885,20,1480
eurosat,physics8,SRQFM-fid,2,4,0.4156756136058875,20,1480
eurosat,physics8,RBF-SVM,2,4,0.4059373638001273,20,1480
eurosat,physics8,RandomForest,2,4,0.42183350575061357,20,1480
eurosat,physics8,SG-BSCM,2,5,0.34645115277142247,20,1480
eurosat,physics8,BSCM-uniform,2,5,0.0829955712724857,20,1480
eurosat,physics8,SRQFM-fid,2,5,0.3447670941063312,20,1480
eurosat,physics8,RBF-SVM,2,5,0.3549491148304803,20,1480
eurosat,physics8,RandomForest,2,5,0.34608487049164277,20,1480
eurosat,physics8,SG-BSCM,2,6,0.40373739879405485,20,1480
eurosat,physics8,BSCM-uniform,2,6,0.07567530702677534,20,1480
eurosat,physics8,SRQFM-fid,2,6,0.3740091914039437,20,1480
eurosat,physics8,RBF-SVM,2,6,0.4150010994037211,20,1480
eurosat,physics8,RandomForest,2,6,0.36862891183987373,20,1480
eurosat,physics8,SG-BSCM,2,7,0.3590637469674342,20,1480
eurosat,physics8,BSCM-uniform,2,7,0.028773175542406316,20,1480
eurosat,physics8,SRQFM-fid,2,7,0.3661751160808837,20,1480
eurosat,physics8,RBF-SVM,2,7,0.3674711890952944,20,1480
eurosat,physics8,RandomForest,2,7,0.3919394857610032,20,1480
eurosat,physics8,SG-BSCM,2,8,0.4223322681270134,20,1480
eurosat,physics8,BSCM-uniform,2,8,0.07711289826143877,20,1480
eurosat,physics8,SRQFM-fid,2,8,0.408845765534104,20,1480
eurosat,physics8,RBF-SVM,2,8,0.42057866664911553,20,1480
eurosat,physics8,RandomForest,2,8,0.3875286303082187,20,1480
eurosat,physics8,SG-BSCM,2,9,0.32639560465364414,20,1480
eurosat,physics8,BSCM-uniform,2,9,0.03124233213594916,20,1480
eurosat,physics8,SRQFM-fid,2,9,0.3189170886273045,20,1480
eurosat,physics8,RBF-SVM,2,9,0.3489162113327712,20,1480
eurosat,physics8,RandomForest,2,9,0.32903526704848424,20,1480
eurosat,physics8,SG-BSCM,2,10,0.37887603648381357,20,1480
eurosat,physics8,BSCM-uniform,2,10,0.027710486156529324,20,1480
eurosat,physics8,SRQFM-fid,2,10,0.3719338960879527,20,1480
eurosat,physics8,RBF-SVM,2,10,0.39808205128485774,20,1480
eurosat,physics8,RandomForest,2,10,0.3710150547787,20,1480
eurosat,physics8,SG-BSCM,2,11,0.42103370641192733,20,1480
eurosat,physics8,BSCM-uniform,2,11,0.030285134292509435,20,1480
eurosat,physics8,SRQFM-fid,2,11,0.4033740253223078,20,1480
eurosat,physics8,RBF-SVM,2,11,0.424115180543443,20,1480
eurosat,physics8,RandomForest,2,11,0.3710992306617885,20,1480
eurosat,physics8,SG-BSCM,2,12,0.38460515260372785,20,1480
eurosat,physics8,BSCM-uniform,2,12,0.030452200830766947,20,1480
eurosat,physics8,SRQFM-fid,2,12,0.3645360922584197,20,1480
eurosat,physics8,RBF-SVM,2,12,0.38120552979223776,20,1480
eurosat,physics8,RandomForest,2,12,0.3621458695016638,20,1480
eurosat,physics8,SG-BSCM,2,13,0.38698355563074227,20,1480
eurosat,physics8,BSCM-uniform,2,13,0.038627411654336016,20,1480
eurosat,physics8,SRQFM-fid,2,13,0.3657036641858521,20,1480
eurosat,physics8,RBF-SVM,2,13,0.385547389818618,20,1480
eurosat,physics8,RandomForest,2,13,0.37174671367550544,20,1480
eurosat,physics8,SG-BSCM,2,14,0.4430975345802791,20,1480
eurosat,physics8,BSCM-uniform,2,14,0.03548615906519995,20,1480
eurosat,physics8,SRQFM-fid,2,14,0.44297895594988973,20,1480
eurosat,physics8,RBF-SVM,2,14,0.4378841209704788,20,1480
eurosat,physics8,RandomForest,2,14,0.4088920361653243,20,1480
eurosat,physics8,SG-BSCM,2,15,0.37272068423165194,20,1480
eurosat,physics8,BSCM-uniform,2,15,0.031301914777479324,20,1480
eurosat,physics8,SRQFM-fid,2,15,0.36457961767988195,20,1480
eurosat,physics8,RBF-SVM,2,15,0.37712172866188676,20,1480
eurosat,physics8,RandomForest,2,15,0.3807187467772943,20,1480
eurosat,physics8,SG-BSCM,2,16,0.31173181377092507,20,1480
eurosat,physics8,BSCM-uniform,2,16,0.028969368285154458,20,1480
eurosat,physics8,SRQFM-fid,2,16,0.28746288006210813,20,1480
eurosat,physics8,RBF-SVM,2,16,0.3584389810113893,20,1480
eurosat,physics8,RandomForest,2,16,0.32806300413677353,20,1480
eurosat,physics8,SG-BSCM,2,17,0.3825344043964322,20,1480
eurosat,physics8,BSCM-uniform,2,17,0.031725157064205325,20,1480
eurosat,physics8,SRQFM-fid,2,17,0.3551146769425643,20,1480
eurosat,physics8,RBF-SVM,2,17,0.38094255148880063,20,1480
eurosat,physics8,RandomForest,2,17,0.36382985887602093,20,1480
eurosat,physics8,SG-BSCM,2,18,0.35303290056620906,20,1480
eurosat,physics8,BSCM-uniform,2,18,0.030277652622600716,20,1480
eurosat,physics8,SRQFM-fid,2,18,0.3534206357446592,20,1480
eurosat,physics8,RBF-SVM,2,18,0.34457876012941313,20,1480
eurosat,physics8,RandomForest,2,18,0.3401449508546867,20,1480
eurosat,physics8,SG-BSCM,2,19,0.3533371241510951,20,1480
eurosat,physics8,BSCM-uniform,2,19,0.02907914552121399,20,1480
eurosat,physics8,SRQFM-fid,2,19,0.3605835545602935,20,1480
eurosat,physics8,RBF-SVM,2,19,0.35250896811476384,20,1480
eurosat,physics8,RandomForest,2,19,0.3688389863970959,20,1480
eurosat,physics8,SG-BSCM,5,0,0.4545500198154257,50,1450
eurosat,physics8,BSCM-uniform,5,0,0.028990842777417647,50,1450
eurosat,physics8,SRQFM-fid,5,0,0.4491224710631384,50,1450
eurosat,physics8,RBF-SVM,5,0,0.45470988789167877,50,1450
eurosat,physics8,RandomForest,5,0,0.4124745979683885,50,1450
eurosat,physics8,SG-BSCM,5,1,0.47099778972465334,50,1450
eurosat,physics8,BSCM-uniform,5,1,0.036281955261821805,50,1450
eurosat,physics8,SRQFM-fid,5,1,0.4503384239814415,50,1450
eurosat,physics8,RBF-SVM,5,1,0.4372593893954943,50,1450
eurosat,physics8,RandomForest,5,1,0.46726047109287777,50,1450
eurosat,physics8,SG-BSCM,5,2,0.4946520732222709,50,1450
eurosat,physics8,BSCM-uniform,5,2,0.033268342436335405,50,1450
eurosat,physics8,SRQFM-fid,5,2,0.46761626070082196,50,1450
eurosat,physics8,RBF-SVM,5,2,0.5079696048231195,50,1450
eurosat,physics8,RandomForest,5,2,0.4370312654539588,50,1450
eurosat,physics8,SG-BSCM,5,3,0.49233049112857435,50,1450
eurosat,physics8,BSCM-uniform,5,3,0.03575642754835386,50,1450
eurosat,physics8,SRQFM-fid,5,3,0.46558217325757817,50,1450
eurosat,physics8,RBF-SVM,5,3,0.4923256040348282,50,1450
eurosat,physics8,RandomForest,5,3,0.48151429803044177,50,1450
eurosat,physics8,SG-BSCM,5,4,0.38091119180453104,50,1450
eurosat,physics8,BSCM-uniform,5,4,0.03140736284193903,50,1450
eurosat,physics8,SRQFM-fid,5,4,0.39945636452492367,50,1450
eurosat,physics8,RBF-SVM,5,4,0.4538874362990348,50,1450
eurosat,physics8,RandomForest,5,4,0.44697423222313704,50,1450
eurosat,physics8,SG-BSCM,5,5,0.4619525903579925,50,1450
eurosat,physics8,BSCM-uniform,5,5,0.03278993086035468,50,1450
eurosat,physics8,SRQFM-fid,5,5,0.463989669228531,50,1450
eurosat,physics8,RBF-SVM,5,5,0.45811486769748055,50,1450
eurosat,physics8,RandomForest,5,5,0.42310641588282555,50,1450
eurosat,physics8,SG-BSCM,5,6,0.4653111560163158,50,1450
eurosat,physics8,BSCM-uniform,5,6,0.03208022904282108,50,1450
eurosat,physics8,SRQFM-fid,5,6,0.4519510553549594,50,1450
eurosat,physics8,RBF-SVM,5,6,0.4577180303817099,50,1450
eurosat,physics8,RandomForest,5,6,0.4457771240458747,50,1450
eurosat,physics8,SG-BSCM,5,7,0.43087228314399395,50,1450
eurosat,physics8,BSCM-uniform,5,7,0.03304950904478153,50,1450
eurosat,physics8,SRQFM-fid,5,7,0.41691463367137854,50,1450
eurosat,physics8,RBF-SVM,5,7,0.47060954287892287,50,1450
eurosat,physics8,RandomForest,5,7,0.4178212188662328,50,1450
eurosat,physics8,SG-BSCM,5,8,0.39534347315055773,50,1450
eurosat,physics8,BSCM-uniform,5,8,0.03226653647412807,50,1450
eurosat,physics8,SRQFM-fid,5,8,0.3908417565706512,50,1450
eurosat,physics8,RBF-SVM,5,8,0.4008965410795996,50,1450
eurosat,physics8,RandomForest,5,8,0.41986235757932944,50,1450
eurosat,physics8,SG-BSCM,5,9,0.40909264996336264,50,1450
eurosat,physics8,BSCM-uniform,5,9,0.02909748622827666,50,1450
eurosat,physics8,SRQFM-fid,5,9,0.39000483202846326,50,1450
eurosat,physics8,RBF-SVM,5,9,0.36496288399917304,50,1450
eurosat,physics8,RandomForest,5,9,0.3843491481821113,50,1450
eurosat,physics8,SG-BSCM,5,10,0.4742381801383707,50,1450
eurosat,physics8,BSCM-uniform,5,10,0.05095078522386167,50,1450
eurosat,physics8,SRQFM-fid,5,10,0.46949166761288047,50,1450
eurosat,physics8,RBF-SVM,5,10,0.5065545801992034,50,1450
eurosat,physics8,RandomForest,5,10,0.4557587498828827,50,1450
eurosat,physics8,SG-BSCM,5,11,0.45289712293621587,50,1450
eurosat,physics8,BSCM-uniform,5,11,0.03308999489123713,50,1450
eurosat,physics8,SRQFM-fid,5,11,0.4245671005898097,50,1450
eurosat,physics8,RBF-SVM,5,11,0.47851901004419767,50,1450
eurosat,physics8,RandomForest,5,11,0.41683521480368607,50,1450
eurosat,physics8,SG-BSCM,5,12,0.38535466296199267,50,1450
eurosat,physics8,BSCM-uniform,5,12,0.027519262796691556,50,1450
eurosat,physics8,SRQFM-fid,5,12,0.41564952131203936,50,1450
eurosat,physics8,RBF-SVM,5,12,0.40329624496701977,50,1450
eurosat,physics8,RandomForest,5,12,0.4176236163936144,50,1450
eurosat,physics8,SG-BSCM,5,13,0.480849479506575,50,1450
eurosat,physics8,BSCM-uniform,5,13,0.029095505873140005,50,1450
eurosat,physics8,SRQFM-fid,5,13,0.46988137932616897,50,1450
eurosat,physics8,RBF-SVM,5,13,0.47606195256067985,50,1450
eurosat,physics8,RandomForest,5,13,0.453716536179932,50,1450
eurosat,physics8,SG-BSCM,5,14,0.4263003098823298,50,1450
eurosat,physics8,BSCM-uniform,5,14,0.03195406703155303,50,1450
eurosat,physics8,SRQFM-fid,5,14,0.4119663554660954,50,1450
eurosat,physics8,RBF-SVM,5,14,0.43639917577495757,50,1450
eurosat,physics8,RandomForest,5,14,0.41617065146730053,50,1450
eurosat,physics8,SG-BSCM,5,15,0.4682273548819659,50,1450
eurosat,physics8,BSCM-uniform,5,15,0.03178498526459065,50,1450
eurosat,physics8,SRQFM-fid,5,15,0.4098839713946811,50,1450
eurosat,physics8,RBF-SVM,5,15,0.4812048473383381,50,1450
eurosat,physics8,RandomForest,5,15,0.41685131578352025,50,1450
eurosat,physics8,SG-BSCM,5,16,0.4732563482786472,50,1450
eurosat,physics8,BSCM-uniform,5,16,0.03478218138152447,50,1450
eurosat,physics8,SRQFM-fid,5,16,0.5104079236088517,50,1450
eurosat,physics8,RBF-SVM,5,16,0.5192386046708701,50,1450
eurosat,physics8,RandomForest,5,16,0.4452117955899664,50,1450
eurosat,physics8,SG-BSCM,5,17,0.48959397373149605,50,1450
eurosat,physics8,BSCM-uniform,5,17,0.054184827708884664,50,1450
eurosat,physics8,SRQFM-fid,5,17,0.47382909839582926,50,1450
eurosat,physics8,RBF-SVM,5,17,0.48542120995160054,50,1450
eurosat,physics8,RandomForest,5,17,0.4370321237613224,50,1450
eurosat,physics8,SG-BSCM,5,18,0.49309644943583997,50,1450
eurosat,physics8,BSCM-uniform,5,18,0.030312951753868677,50,1450
eurosat,physics8,SRQFM-fid,5,18,0.45260878930163423,50,1450
eurosat,physics8,RBF-SVM,5,18,0.4976463659822083,50,1450
eurosat,physics8,RandomForest,5,18,0.4411226414737076,50,1450
eurosat,physics8,SG-BSCM,5,19,0.44634420832250965,50,1450
eurosat,physics8,BSCM-uniform,5,19,0.03148558310306034,50,1450
eurosat,physics8,SRQFM-fid,5,19,0.3622399142864709,50,1450
eurosat,physics8,RBF-SVM,5,19,0.3729481548767873,50,1450
eurosat,physics8,RandomForest,5,19,0.4218805509158946,50,1450
eurosat,physics8,SG-BSCM,10,0,0.5060287586799843,100,1400
eurosat,physics8,BSCM-uniform,10,0,0.035626655295077816,100,1400
eurosat,physics8,SRQFM-fid,10,0,0.49822581545189404,100,1400
eurosat,physics8,RBF-SVM,10,0,0.52269995828936,100,1400
eurosat,physics8,RandomForest,10,0,0.4582918212420985,100,1400
eurosat,physics8,SG-BSCM,10,1,0.5053657150688288,100,1400
eurosat,physics8,BSCM-uniform,10,1,0.031106539019370338,100,1400
eurosat,physics8,SRQFM-fid,10,1,0.47510182307784055,100,1400
eurosat,physics8,RBF-SVM,10,1,0.5199856970618433,100,1400
eurosat,physics8,RandomForest,10,1,0.464514754622504,100,1400
eurosat,physics8,SG-BSCM,10,2,0.5506372135232707,100,1400
eurosat,physics8,BSCM-uniform,10,2,0.03174547551465301,100,1400
eurosat,physics8,SRQFM-fid,10,2,0.5060307255489856,100,1400
eurosat,physics8,RBF-SVM,10,2,0.5427698711353077,100,1400
eurosat,physics8,RandomForest,10,2,0.47326588031243466,100,1400
eurosat,physics8,SG-BSCM,10,3,0.5147752814699464,100,1400
eurosat,physics8,BSCM-uniform,10,3,0.031272916682943686,100,1400
eurosat,physics8,SRQFM-fid,10,3,0.49242863790576064,100,1400
eurosat,physics8,RBF-SVM,10,3,0.5272361455455149,100,1400
eurosat,physics8,RandomForest,10,3,0.43787662998134297,100,1400
eurosat,physics8,SG-BSCM,10,4,0.5265749997874327,100,1400
eurosat,physics8,BSCM-uniform,10,4,0.02807280232970823,100,1400
eurosat,physics8,SRQFM-fid,10,4,0.508297381058588,100,1400
eurosat,physics8,RBF-SVM,10,4,0.5319428715599368,100,1400
eurosat,physics8,RandomForest,10,4,0.48681183716452114,100,1400
eurosat,physics8,SG-BSCM,10,5,0.5345373210698702,100,1400
eurosat,physics8,BSCM-uniform,10,5,0.033799513256854555,100,1400
eurosat,physics8,SRQFM-fid,10,5,0.4843036274011315,100,1400
eurosat,physics8,RBF-SVM,10,5,0.5396662217584851,100,1400
eurosat,physics8,RandomForest,10,5,0.4544053909151823,100,1400
eurosat,physics8,SG-BSCM,10,6,0.5203194762994995,100,1400
eurosat,physics8,BSCM-uniform,10,6,0.030701125803536143,100,1400
eurosat,physics8,SRQFM-fid,10,6,0.48254102328335324,100,1400
eurosat,physics8,RBF-SVM,10,6,0.477763822393886,100,1400
eurosat,physics8,RandomForest,10,6,0.47509823347315727,100,1400
eurosat,physics8,SG-BSCM,10,7,0.524852665675691,100,1400
eurosat,physics8,BSCM-uniform,10,7,0.02947794965006137,100,1400
eurosat,physics8,SRQFM-fid,10,7,0.44205611949551055,100,1400
eurosat,physics8,RBF-SVM,10,7,0.5237763790980754,100,1400
eurosat,physics8,RandomForest,10,7,0.46060530985158277,100,1400
eurosat,physics8,SG-BSCM,10,8,0.4892766313183404,100,1400
eurosat,physics8,BSCM-uniform,10,8,0.03254824089957002,100,1400
eurosat,physics8,SRQFM-fid,10,8,0.4824987232075422,100,1400
eurosat,physics8,RBF-SVM,10,8,0.48285951228368695,100,1400
eurosat,physics8,RandomForest,10,8,0.4919327400900505,100,1400
eurosat,physics8,SG-BSCM,10,9,0.5216316755485984,100,1400
eurosat,physics8,BSCM-uniform,10,9,0.026181576309453548,100,1400
eurosat,physics8,SRQFM-fid,10,9,0.509773090697337,100,1400
eurosat,physics8,RBF-SVM,10,9,0.5358978236129001,100,1400
eurosat,physics8,RandomForest,10,9,0.44250013698871776,100,1400
eurosat,physics8,SG-BSCM,10,10,0.5545679203207958,100,1400
eurosat,physics8,BSCM-uniform,10,10,0.03231696982601315,100,1400
eurosat,physics8,SRQFM-fid,10,10,0.5279485459097492,100,1400
eurosat,physics8,RBF-SVM,10,10,0.5526902693525811,100,1400
eurosat,physics8,RandomForest,10,10,0.4776110008320262,100,1400
eurosat,physics8,SG-BSCM,10,11,0.5056179936682584,100,1400
eurosat,physics8,BSCM-uniform,10,11,0.02800672888618294,100,1400
eurosat,physics8,SRQFM-fid,10,11,0.46821103976935535,100,1400
eurosat,physics8,RBF-SVM,10,11,0.5156815647019888,100,1400
eurosat,physics8,RandomForest,10,11,0.4439102340068672,100,1400
eurosat,physics8,SG-BSCM,10,12,0.52592691231989,100,1400
eurosat,physics8,BSCM-uniform,10,12,0.031000742193996046,100,1400
eurosat,physics8,SRQFM-fid,10,12,0.4258099439872781,100,1400
eurosat,physics8,RBF-SVM,10,12,0.5277303531424716,100,1400
eurosat,physics8,RandomForest,10,12,0.5040018436245409,100,1400
eurosat,physics8,SG-BSCM,10,13,0.5527656484456435,100,1400
eurosat,physics8,BSCM-uniform,10,13,0.02926546927614257,100,1400
eurosat,physics8,SRQFM-fid,10,13,0.5160518244027147,100,1400
eurosat,physics8,RBF-SVM,10,13,0.5594552698944041,100,1400
eurosat,physics8,RandomForest,10,13,0.4761852765529701,100,1400
eurosat,physics8,SG-BSCM,10,14,0.5549957845211617,100,1400
eurosat,physics8,BSCM-uniform,10,14,0.02718743859773349,100,1400
eurosat,physics8,SRQFM-fid,10,14,0.5223775337045746,100,1400
eurosat,physics8,RBF-SVM,10,14,0.5013146924815629,100,1400
eurosat,physics8,RandomForest,10,14,0.4751987887936645,100,1400
eurosat,physics8,SG-BSCM,10,15,0.5009627600456291,100,1400
eurosat,physics8,BSCM-uniform,10,15,0.03383881715848481,100,1400
eurosat,physics8,SRQFM-fid,10,15,0.48460840369501057,100,1400
eurosat,physics8,RBF-SVM,10,15,0.5215385380025296,100,1400
eurosat,physics8,RandomForest,10,15,0.461253201599475,100,1400
eurosat,physics8,SG-BSCM,10,16,0.5482733609418668,100,1400
eurosat,physics8,BSCM-uniform,10,16,0.035289748756661396,100,1400
eurosat,physics8,SRQFM-fid,10,16,0.5272802633194935,100,1400
eurosat,physics8,RBF-SVM,10,16,0.45667437002203304,100,1400
eurosat,physics8,RandomForest,10,16,0.4914149213556568,100,1400
eurosat,physics8,SG-BSCM,10,17,0.5559864695788662,100,1400
eurosat,physics8,BSCM-uniform,10,17,0.03197241062705125,100,1400
eurosat,physics8,SRQFM-fid,10,17,0.5027364157855091,100,1400
eurosat,physics8,RBF-SVM,10,17,0.4981997385336861,100,1400
eurosat,physics8,RandomForest,10,17,0.45853452717093923,100,1400
eurosat,physics8,SG-BSCM,10,18,0.4959865930387994,100,1400
eurosat,physics8,BSCM-uniform,10,18,0.02800733276408176,100,1400
eurosat,physics8,SRQFM-fid,10,18,0.4944371262587869,100,1400
eurosat,physics8,RBF-SVM,10,18,0.5012346784676286,100,1400
eurosat,physics8,RandomForest,10,18,0.47129366217150104,100,1400
eurosat,physics8,SG-BSCM,10,19,0.5348814634987141,100,1400
eurosat,physics8,BSCM-uniform,10,19,0.030858421030532747,100,1400
eurosat,physics8,SRQFM-fid,10,19,0.5214771593172429,100,1400
eurosat,physics8,RBF-SVM,10,19,0.5567212612096099,100,1400
eurosat,physics8,RandomForest,10,19,0.486529460669883,100,1400
eurosat,physics8,SG-BSCM,20,0,0.5766406608983595,200,1300
eurosat,physics8,BSCM-uniform,20,0,0.031696734565587026,200,1300
eurosat,physics8,SRQFM-fid,20,0,0.5628846795928485,200,1300
eurosat,physics8,RBF-SVM,20,0,0.5839048465233734,200,1300
eurosat,physics8,RandomForest,20,0,0.5168994758249821,200,1300
eurosat,physics8,SG-BSCM,20,1,0.58597313642091,200,1300
eurosat,physics8,BSCM-uniform,20,1,0.032394305590100494,200,1300
eurosat,physics8,SRQFM-fid,20,1,0.5719722855532956,200,1300
eurosat,physics8,RBF-SVM,20,1,0.5941070689774086,200,1300
eurosat,physics8,RandomForest,20,1,0.5391918677732146,200,1300
eurosat,physics8,SG-BSCM,20,2,0.5930634759396549,200,1300
eurosat,physics8,BSCM-uniform,20,2,0.02847008547008547,200,1300
eurosat,physics8,SRQFM-fid,20,2,0.5245540488036053,200,1300
eurosat,physics8,RBF-SVM,20,2,0.5940379707845976,200,1300
eurosat,physics8,RandomForest,20,2,0.5004020994052777,200,1300
eurosat,physics8,SG-BSCM,20,3,0.5822917530207299,200,1300
eurosat,physics8,BSCM-uniform,20,3,0.026659102627037273,200,1300
eurosat,physics8,SRQFM-fid,20,3,0.5616701347997359,200,1300
eurosat,physics8,RBF-SVM,20,3,0.5233418045579434,200,1300
eurosat,physics8,RandomForest,20,3,0.5179652137625665,200,1300
eurosat,physics8,SG-BSCM,20,4,0.5988122631830907,200,1300
eurosat,physics8,BSCM-uniform,20,4,0.02669037583421145,200,1300
eurosat,physics8,SRQFM-fid,20,4,0.5854237256236554,200,1300
eurosat,physics8,RBF-SVM,20,4,0.5945417653316248,200,1300
eurosat,physics8,RandomForest,20,4,0.5132887944287144,200,1300
eurosat,physics8,SG-BSCM,20,5,0.5607018452286877,200,1300
eurosat,physics8,BSCM-uniform,20,5,0.031825283943928015,200,1300
eurosat,physics8,SRQFM-fid,20,5,0.5186258986472673,200,1300
eurosat,physics8,RBF-SVM,20,5,0.5610047798708468,200,1300
eurosat,physics8,RandomForest,20,5,0.4897510875462288,200,1300
eurosat,physics8,SG-BSCM,20,6,0.5860523870292139,200,1300
eurosat,physics8,BSCM-uniform,20,6,0.029813638636825745,200,1300
eurosat,physics8,SRQFM-fid,20,6,0.5684435894760902,200,1300
eurosat,physics8,RBF-SVM,20,6,0.5573256900320553,200,1300
eurosat,physics8,RandomForest,20,6,0.5103700143254486,200,1300
eurosat,physics8,SG-BSCM,20,7,0.5783855003892364,200,1300
eurosat,physics8,BSCM-uniform,20,7,0.03188590606592281,200,1300
eurosat,physics8,SRQFM-fid,20,7,0.5742777607486456,200,1300
eurosat,physics8,RBF-SVM,20,7,0.5897278467804259,200,1300
eurosat,physics8,RandomForest,20,7,0.4885664702402992,200,1300
eurosat,physics8,SG-BSCM,20,8,0.584121758100834,200,1300
eurosat,physics8,BSCM-uniform,20,8,0.037693864827543846,200,1300
eurosat,physics8,SRQFM-fid,20,8,0.5636202040598662,200,1300
eurosat,physics8,RBF-SVM,20,8,0.6025557805889863,200,1300
eurosat,physics8,RandomForest,20,8,0.49590405902466833,200,1300
eurosat,physics8,SG-BSCM,20,9,0.579205655871996,200,1300
eurosat,physics8,BSCM-uniform,20,9,0.02438208345458301,200,1300
eurosat,physics8,SRQFM-fid,20,9,0.5732275186133687,200,1300
eurosat,physics8,RBF-SVM,20,9,0.6182821626012197,200,1300
eurosat,physics8,RandomForest,20,9,0.5114988960078203,200,1300
eurosat,physics8,SG-BSCM,20,10,0.5904175061146808,200,1300
eurosat,physics8,BSCM-uniform,20,10,0.026568325601818,200,1300
eurosat,physics8,SRQFM-fid,20,10,0.5784391551207357,200,1300
eurosat,physics8,RBF-SVM,20,10,0.5920073235381996,200,1300
eurosat,physics8,RandomForest,20,10,0.5164897579572518,200,1300
eurosat,physics8,SG-BSCM,20,11,0.5673319689678072,200,1300
eurosat,physics8,BSCM-uniform,20,11,0.03179361992899669,200,1300
eurosat,physics8,SRQFM-fid,20,11,0.5361644212672548,200,1300
eurosat,physics8,RBF-SVM,20,11,0.5450643040524492,200,1300
eurosat,physics8,RandomForest,20,11,0.49896397807797016,200,1300
eurosat,physics8,SG-BSCM,20,12,0.5720086449127526,200,1300
eurosat,physics8,BSCM-uniform,20,12,0.02614737393397057,200,1300
eurosat,physics8,SRQFM-fid,20,12,0.5473514778004807,200,1300
eurosat,physics8,RBF-SVM,20,12,0.5650707321614499,200,1300
eurosat,physics8,RandomForest,20,12,0.490384751921671,200,1300
eurosat,physics8,SG-BSCM,20,13,0.5606281211848251,200,1300
eurosat,physics8,BSCM-uniform,20,13,0.0267188791685971,200,1300
eurosat,physics8,SRQFM-fid,20,13,0.554962103709202,200,1300
eurosat,physics8,RBF-SVM,20,13,0.5828547870042406,200,1300
eurosat,physics8,RandomForest,20,13,0.4823029872546235,200,1300
eurosat,physics8,SG-BSCM,20,14,0.5689709977655638,200,1300
eurosat,physics8,BSCM-uniform,20,14,0.03215533096568464,200,1300
eurosat,physics8,SRQFM-fid,20,14,0.5704373729279596,200,1300
eurosat,physics8,RBF-SVM,20,14,0.5858963485436655,200,1300
eurosat,physics8,RandomForest,20,14,0.5424318233306644,200,1300
eurosat,physics8,SG-BSCM,20,15,0.5887220933360904,200,1300
eurosat,physics8,BSCM-uniform,20,15,0.03069270492352009,200,1300
eurosat,physics8,SRQFM-fid,20,15,0.576991811624274,200,1300
eurosat,physics8,RBF-SVM,20,15,0.6139042097599996,200,1300
eurosat,physics8,RandomForest,20,15,0.5175881046288899,200,1300
eurosat,physics8,SG-BSCM,20,16,0.5577924064478574,200,1300
eurosat,physics8,BSCM-uniform,20,16,0.0351404251462637,200,1300
eurosat,physics8,SRQFM-fid,20,16,0.5742347472220815,200,1300
eurosat,physics8,RBF-SVM,20,16,0.6068306958162106,200,1300
eurosat,physics8,RandomForest,20,16,0.5241572272076436,200,1300
eurosat,physics8,SG-BSCM,20,17,0.5908736065229636,200,1300
eurosat,physics8,BSCM-uniform,20,17,0.03670399349298099,200,1300
eurosat,physics8,SRQFM-fid,20,17,0.576694388483495,200,1300
eurosat,physics8,RBF-SVM,20,17,0.5863270490486991,200,1300
eurosat,physics8,RandomForest,20,17,0.4920095432917508,200,1300
eurosat,physics8,SG-BSCM,20,18,0.5777846897629034,200,1300
eurosat,physics8,BSCM-uniform,20,18,0.03178792449108214,200,1300
eurosat,physics8,SRQFM-fid,20,18,0.558521568457846,200,1300
eurosat,physics8,RBF-SVM,20,18,0.5821834319433199,200,1300
eurosat,physics8,RandomForest,20,18,0.5094647812790208,200,1300
eurosat,physics8,SG-BSCM,20,19,0.6093252689406219,200,1300
eurosat,physics8,BSCM-uniform,20,19,0.02955044141937333,200,1300
eurosat,physics8,SRQFM-fid,20,19,0.6074844506877243,200,1300
eurosat,physics8,RBF-SVM,20,19,0.623991163021903,200,1300
eurosat,physics8,RandomForest,20,19,0.5050787055029661,200,1300
eurosat,physics8,SG-BSCM,50,0,0.6508769359497059,500,1000
eurosat,physics8,BSCM-uniform,50,0,0.04036132521676207,500,1000
eurosat,physics8,SRQFM-fid,50,0,0.653476759328089,500,1000
eurosat,physics8,RBF-SVM,50,0,0.6361944200581673,500,1000
eurosat,physics8,RandomForest,50,0,0.5842962104544648,500,1000
eurosat,physics8,SG-BSCM,50,1,0.6528841567756649,500,1000
eurosat,physics8,BSCM-uniform,50,1,0.02550076591675777,500,1000
eurosat,physics8,SRQFM-fid,50,1,0.6457505647352428,500,1000
eurosat,physics8,RBF-SVM,50,1,0.66121148015451,500,1000
eurosat,physics8,RandomForest,50,1,0.5562845185683347,500,1000
eurosat,physics8,SG-BSCM,50,2,0.6482117493292059,500,1000
eurosat,physics8,BSCM-uniform,50,2,0.03934745868073775,500,1000
eurosat,physics8,SRQFM-fid,50,2,0.6260976061548567,500,1000
eurosat,physics8,RBF-SVM,50,2,0.6454211694562962,500,1000
eurosat,physics8,RandomForest,50,2,0.5371423535707678,500,1000
eurosat,physics8,SG-BSCM,50,3,0.6522217217734276,500,1000
eurosat,physics8,BSCM-uniform,50,3,0.03530658724356498,500,1000
eurosat,physics8,SRQFM-fid,50,3,0.6433277394654974,500,1000
eurosat,physics8,RBF-SVM,50,3,0.6701426739319433,500,1000
eurosat,physics8,RandomForest,50,3,0.5509343319476013,500,1000
eurosat,physics8,SG-BSCM,50,4,0.6773119550605468,500,1000
eurosat,physics8,BSCM-uniform,50,4,0.029439108612731486,500,1000
eurosat,physics8,SRQFM-fid,50,4,0.6716397550975067,500,1000
eurosat,physics8,RBF-SVM,50,4,0.6756663363814412,500,1000
eurosat,physics8,RandomForest,50,4,0.5638200107297688,500,1000
eurosat,physics8,SG-BSCM,50,5,0.6538030229482612,500,1000
eurosat,physics8,BSCM-uniform,50,5,0.029570117695,500,1000
eurosat,physics8,SRQFM-fid,50,5,0.6432232045877051,500,1000
eurosat,physics8,RBF-SVM,50,5,0.6395201641348691,500,1000
eurosat,physics8,RandomForest,50,5,0.5683329407371882,500,1000
eurosat,physics8,SG-BSCM,50,6,0.6386562263871054,500,1000
eurosat,physics8,BSCM-uniform,50,6,0.0330843469755793,500,1000
eurosat,physics8,SRQFM-fid,50,6,0.6274714339479204,500,1000
eurosat,physics8,RBF-SVM,50,6,0.6406968767121545,500,1000
eurosat,physics8,RandomForest,50,6,0.5592004450217745,500,1000
eurosat,physics8,SG-BSCM,50,7,0.6482774557488717,500,1000
eurosat,physics8,BSCM-uniform,50,7,0.027372760523216168,500,1000
eurosat,physics8,SRQFM-fid,50,7,0.6349942853739224,500,1000
eurosat,physics8,RBF-SVM,50,7,0.6491151058665036,500,1000
eurosat,physics8,RandomForest,50,7,0.5536186720725712,500,1000
eurosat,physics8,SG-BSCM,50,8,0.6587268805356693,500,1000
eurosat,physics8,BSCM-uniform,50,8,0.030643909230684475,500,1000
eurosat,physics8,SRQFM-fid,50,8,0.6383708127453358,500,1000
eurosat,physics8,RBF-SVM,50,8,0.6659840226611186,500,1000
eurosat,physics8,RandomForest,50,8,0.5651918309303726,500,1000
eurosat,physics8,SG-BSCM,50,9,0.645788403427464,500,1000
eurosat,physics8,BSCM-uniform,50,9,0.037049558581861895,500,1000
eurosat,physics8,SRQFM-fid,50,9,0.6475904893483098,500,1000
eurosat,physics8,RBF-SVM,50,9,0.6363792514573064,500,1000
eurosat,physics8,RandomForest,50,9,0.5611504314569133,500,1000
eurosat,physics8,SG-BSCM,50,10,0.6428006244281078,500,1000
eurosat,physics8,BSCM-uniform,50,10,0.03725537430123035,500,1000
eurosat,physics8,SRQFM-fid,50,10,0.6378874396824259,500,1000
eurosat,physics8,RBF-SVM,50,10,0.6429067894374103,500,1000
eurosat,physics8,RandomForest,50,10,0.5739296756259888,500,1000
eurosat,physics8,SG-BSCM,50,11,0.6327252333119191,500,1000
eurosat,physics8,BSCM-uniform,50,11,0.05563755522129303,500,1000
eurosat,physics8,SRQFM-fid,50,11,0.6157470403989831,500,1000
eurosat,physics8,RBF-SVM,50,11,0.6354495541540118,500,1000
eurosat,physics8,RandomForest,50,11,0.5371992247612172,500,1000
eurosat,physics8,SG-BSCM,50,12,0.6542503374484882,500,1000
eurosat,physics8,BSCM-uniform,50,12,0.01547179861682701,500,1000
eurosat,physics8,SRQFM-fid,50,12,0.6428486499621764,500,1000
eurosat,physics8,RBF-SVM,50,12,0.6577848965816994,500,1000
eurosat,physics8,RandomForest,50,12,0.549081253023472,500,1000
eurosat,physics8,SG-BSCM,50,13,0.634115298241368,500,1000
eurosat,physics8,BSCM-uniform,50,13,0.029046261014996966,500,1000
eurosat,physics8,SRQFM-fid,50,13,0.6367070334654678,500,1000
eurosat,physics8,RBF-SVM,50,13,0.6403590483303787,500,1000
eurosat,physics8,RandomForest,50,13,0.5545369710409639,500,1000
eurosat,physics8,SG-BSCM,50,14,0.6496752053377102,500,1000
eurosat,physics8,BSCM-uniform,50,14,0.0317888335275113,500,1000
eurosat,physics8,SRQFM-fid,50,14,0.6411030940742439,500,1000
eurosat,physics8,RBF-SVM,50,14,0.6456090918581517,500,1000
eurosat,physics8,RandomForest,50,14,0.5321747252411451,500,1000
eurosat,physics8,SG-BSCM,50,15,0.6461914495656522,500,1000
eurosat,physics8,BSCM-uniform,50,15,0.03050242649157865,500,1000
eurosat,physics8,SRQFM-fid,50,15,0.6389119941725812,500,1000
eurosat,physics8,RBF-SVM,50,15,0.6310591597595546,500,1000
eurosat,physics8,RandomForest,50,15,0.5615608835786501,500,1000
eurosat,physics8,SG-BSCM,50,16,0.6607493555242334,500,1000
eurosat,physics8,BSCM-uniform,50,16,0.03480509226663443,500,1000
eurosat,physics8,SRQFM-fid,50,16,0.6318393130028237,500,1000
eurosat,physics8,RBF-SVM,50,16,0.6499120133647536,500,1000
eurosat,physics8,RandomForest,50,16,0.5516913232795689,500,1000
eurosat,physics8,SG-BSCM,50,17,0.6575279375041229,500,1000
eurosat,physics8,BSCM-uniform,50,17,0.030197624209920386,500,1000
eurosat,physics8,SRQFM-fid,50,17,0.6553145768249404,500,1000
eurosat,physics8,RBF-SVM,50,17,0.6570280941344738,500,1000
eurosat,physics8,RandomForest,50,17,0.5626007342148028,500,1000
eurosat,physics8,SG-BSCM,50,18,0.653646591269673,500,1000
eurosat,physics8,BSCM-uniform,50,18,0.027307692307692304,500,1000
eurosat,physics8,SRQFM-fid,50,18,0.6482595731921098,500,1000
eurosat,physics8,RBF-SVM,50,18,0.6541882112639688,500,1000
eurosat,physics8,RandomForest,50,18,0.580114189812084,500,1000
eurosat,physics8,SG-BSCM,50,19,0.6375267376128585,500,1000
eurosat,physics8,BSCM-uniform,50,19,0.03131486678868941,500,1000
eurosat,physics8,SRQFM-fid,50,19,0.6299389200077217,500,1000
eurosat,physics8,RBF-SVM,50,19,0.6315663640524166,500,1000
eurosat,physics8,RandomForest,50,19,0.540503390876629,500,1000
eurosat,pca8,SG-BSCM,2,0,0.43509726566737206,20,1480
eurosat,pca8,BSCM-uniform,2,0,0.42728011862063325,20,1480
eurosat,pca8,SRQFM-fid,2,0,0.42505957600041544,20,1480
eurosat,pca8,RBF-SVM,2,0,0.3877095661976571,20,1480
eurosat,pca8,RandomForest,2,0,0.4216374376698746,20,1480
eurosat,pca8,SG-BSCM,2,1,0.34265043891039076,20,1480
eurosat,pca8,BSCM-uniform,2,1,0.34705239932813514,20,1480
eurosat,pca8,SRQFM-fid,2,1,0.34207097214096194,20,1480
eurosat,pca8,RBF-SVM,2,1,0.3366777410729189,20,1480
eurosat,pca8,RandomForest,2,1,0.3343121957298822,20,1480
eurosat,pca8,SG-BSCM,2,2,0.3854693668871613,20,1480
eurosat,pca8,BSCM-uniform,2,2,0.4023395018633792,20,1480
eurosat,pca8,SRQFM-fid,2,2,0.402295730211191,20,1480
eurosat,pca8,RBF-SVM,2,2,0.3567771049645178,20,1480
eurosat,pca8,RandomForest,2,2,0.394690878065575,20,1480
eurosat,pca8,SG-BSCM,2,3,0.41819180476722906,20,1480
eurosat,pca8,BSCM-uniform,2,3,0.42473780726721977,20,1480
eurosat,pca8,SRQFM-fid,2,3,0.41580423449358017,20,1480
eurosat,pca8,RBF-SVM,2,3,0.3959294666793808,20,1480
eurosat,pca8,RandomForest,2,3,0.43123996899268036,20,1480
eurosat,pca8,SG-BSCM,2,4,0.46139641184289043,20,1480
eurosat,pca8,BSCM-uniform,2,4,0.4465899653658069,20,1480
eurosat,pca8,SRQFM-fid,2,4,0.47017126352133093,20,1480
eurosat,pca8,RBF-SVM,2,4,0.41521935373794927,20,1480
eurosat,pca8,RandomForest,2,4,0.37490481288932304,20,1480
eurosat,pca8,SG-BSCM,2,5,0.44475029174775293,20,1480
eurosat,pca8,BSCM-uniform,2,5,0.4532104989798462,20,1480
eurosat,pca8,SRQFM-fid,2,5,0.4472062060730709,20,1480
eurosat,pca8,RBF-SVM,2,5,0.39823743268309897,20,1480
eurosat,pca8,RandomForest,2,5,0.35418985372361045,20,1480
eurosat,pca8,SG-BSCM,2,6,0.526819085534726,20,1480
eurosat,pca8,BSCM-uniform,2,6,0.5151201750683442,20,1480
eurosat,pca8,SRQFM-fid,2,6,0.5021849582144646,20,1480
eurosat,pca8,RBF-SVM,2,6,0.4373515669077471,20,1480
eurosat,pca8,RandomForest,2,6,0.4530076056903095,20,1480
eurosat,pca8,SG-BSCM,2,7,0.433574548233158,20,1480
eurosat,pca8,BSCM-uniform,2,7,0.436535552939947,20,1480
eurosat,pca8,SRQFM-fid,2,7,0.41326415617582946,20,1480
eurosat,pca8,RBF-SVM,2,7,0.40982177700820355,20,1480
eurosat,pca8,RandomForest,2,7,0.39386783699437283,20,1480
eurosat,pca8,SG-BSCM,2,8,0.45731779750691637,20,1480
eurosat,pca8,BSCM-uniform,2,8,0.45401421527602503,20,1480
eurosat,pca8,SRQFM-fid,2,8,0.45937777753680037,20,1480
eurosat,pca8,RBF-SVM,2,8,0.43647373966054603,20,1480
eurosat,pca8,RandomForest,2,8,0.42304047795594923,20,1480
eurosat,pca8,SG-BSCM,2,9,0.42776537688701977,20,1480
eurosat,pca8,BSCM-uniform,2,9,0.4178948530134569,20,1480
eurosat,pca8,SRQFM-fid,2,9,0.4072407935291615,20,1480
eurosat,pca8,RBF-SVM,2,9,0.3938240489544402,20,1480
eurosat,pca8,RandomForest,2,9,0.36914927165018524,20,1480
eurosat,pca8,SG-BSCM,2,10,0.5099011970093401,20,1480
eurosat,pca8,BSCM-uniform,2,10,0.5091744776763184,20,1480
eurosat,pca8,SRQFM-fid,2,10,0.5067593973403096,20,1480
eurosat,pca8,RBF-SVM,2,10,0.4400975214450683,20,1480
eurosat,pca8,RandomForest,2,10,0.42709267225221603,20,1480
eurosat,pca8,SG-BSCM,2,11,0.504498803023359,20,1480
eurosat,pca8,BSCM-uniform,2,11,0.4958656118636181,20,1480
eurosat,pca8,SRQFM-fid,2,11,0.49267768821080715,20,1480
eurosat,pca8,RBF-SVM,2,11,0.414113127632072,20,1480
eurosat,pca8,RandomForest,2,11,0.43025419593393127,20,1480
eurosat,pca8,SG-BSCM,2,12,0.4646628756687446,20,1480
eurosat,pca8,BSCM-uniform,2,12,0.4526596477257355,20,1480
eurosat,pca8,SRQFM-fid,2,12,0.4511317824764463,20,1480
eurosat,pca8,RBF-SVM,2,12,0.36915521867695844,20,1480
eurosat,pca8,RandomForest,2,12,0.3687596207195988,20,1480
eurosat,pca8,SG-BSCM,2,13,0.4028569878034605,20,1480
eurosat,pca8,BSCM-uniform,2,13,0.41039746269168476,20,1480
eurosat,pca8,SRQFM-fid,2,13,0.4010109938638299,20,1480
eurosat,pca8,RBF-SVM,2,13,0.38063626351252466,20,1480
eurosat,pca8,RandomForest,2,13,0.3522521094918715,20,1480
eurosat,pca8,SG-BSCM,2,14,0.5460039561751389,20,1480
eurosat,pca8,BSCM-uniform,2,14,0.5553242236410545,20,1480
eurosat,pca8,SRQFM-fid,2,14,0.530894593562411,20,1480
eurosat,pca8,RBF-SVM,2,14,0.5293626392839539,20,1480
eurosat,pca8,RandomForest,2,14,0.47604556279308713,20,1480
eurosat,pca8,SG-BSCM,2,15,0.4284806342293958,20,1480
eurosat,pca8,BSCM-uniform,2,15,0.4137677706100523,20,1480
eurosat,pca8,SRQFM-fid,2,15,0.3973191959105139,20,1480
eurosat,pca8,RBF-SVM,2,15,0.3937930224380838,20,1480
eurosat,pca8,RandomForest,2,15,0.4020044668039698,20,1480
eurosat,pca8,SG-BSCM,2,16,0.31922137800339445,20,1480
eurosat,pca8,BSCM-uniform,2,16,0.3161012820931062,20,1480
eurosat,pca8,SRQFM-fid,2,16,0.35108324184029893,20,1480
eurosat,pca8,RBF-SVM,2,16,0.31335307494565884,20,1480
eurosat,pca8,RandomForest,2,16,0.29745152225237415,20,1480
eurosat,pca8,SG-BSCM,2,17,0.5094438635684728,20,1480
eurosat,pca8,BSCM-uniform,2,17,0.515134976635461,20,1480
eurosat,pca8,SRQFM-fid,2,17,0.5154677914390696,20,1480
eurosat,pca8,RBF-SVM,2,17,0.49462914386145024,20,1480
eurosat,pca8,RandomForest,2,17,0.42855388996146954,20,1480
eurosat,pca8,SG-BSCM,2,18,0.4614935832304285,20,1480
eurosat,pca8,BSCM-uniform,2,18,0.44868572606672996,20,1480
eurosat,pca8,SRQFM-fid,2,18,0.4575244495822183,20,1480
eurosat,pca8,RBF-SVM,2,18,0.43249689318772555,20,1480
eurosat,pca8,RandomForest,2,18,0.3967049215372878,20,1480
eurosat,pca8,SG-BSCM,2,19,0.45114334325489114,20,1480
eurosat,pca8,BSCM-uniform,2,19,0.45807472198311744,20,1480
eurosat,pca8,SRQFM-fid,2,19,0.4258158274378528,20,1480
eurosat,pca8,RBF-SVM,2,19,0.41757349400189936,20,1480
eurosat,pca8,RandomForest,2,19,0.3750595586150312,20,1480
eurosat,pca8,SG-BSCM,5,0,0.5162095626383816,50,1450
eurosat,pca8,BSCM-uniform,5,0,0.5289423806613874,50,1450
eurosat,pca8,SRQFM-fid,5,0,0.5017199637115473,50,1450
eurosat,pca8,RBF-SVM,5,0,0.5145615290151151,50,1450
eurosat,pca8,RandomForest,5,0,0.5245527947923081,50,1450
eurosat,pca8,SG-BSCM,5,1,0.5441526016336555,50,1450
eurosat,pca8,BSCM-uniform,5,1,0.5375251667057016,50,1450
eurosat,pca8,SRQFM-fid,5,1,0.5437672921577911,50,1450
eurosat,pca8,RBF-SVM,5,1,0.5115559093698037,50,1450
eurosat,pca8,RandomForest,5,1,0.4898687888130211,50,1450
eurosat,pca8,SG-BSCM,5,2,0.6109838292947215,50,1450
eurosat,pca8,BSCM-uniform,5,2,0.5580519965451176,50,1450
eurosat,pca8,SRQFM-fid,5,2,0.5531674005801689,50,1450
eurosat,pca8,RBF-SVM,5,2,0.5506473241247085,50,1450
eurosat,pca8,RandomForest,5,2,0.5369384425179697,50,1450
eurosat,pca8,SG-BSCM,5,3,0.5441495815029078,50,1450
eurosat,pca8,BSCM-uniform,5,3,0.54230527260138,50,1450
eurosat,pca8,SRQFM-fid,5,3,0.5256073197702925,50,1450
eurosat,pca8,RBF-SVM,5,3,0.5784689612149044,50,1450
eurosat,pca8,RandomForest,5,3,0.5590967248912692,50,1450
eurosat,pca8,SG-BSCM,5,4,0.5363615518918123,50,1450
eurosat,pca8,BSCM-uniform,5,4,0.5354375934409709,50,1450
eurosat,pca8,SRQFM-fid,5,4,0.5284038896255292,50,1450
eurosat,pca8,RBF-SVM,5,4,0.5479042899267103,50,1450
eurosat,pca8,RandomForest,5,4,0.4953624755597875,50,1450
eurosat,pca8,SG-BSCM,5,5,0.532483864297157,50,1450
eurosat,pca8,BSCM-uniform,5,5,0.5149305505992385,50,1450
eurosat,pca8,SRQFM-fid,5,5,0.5168689192638026,50,1450
eurosat,pca8,RBF-SVM,5,5,0.49531468102049797,50,1450
eurosat,pca8,RandomForest,5,5,0.4892090977189582,50,1450
eurosat,pca8,SG-BSCM,5,6,0.5934330356984857,50,1450
eurosat,pca8,BSCM-uniform,5,6,0.582591467853264,50,1450
eurosat,pca8,SRQFM-fid,5,6,0.5632875871882994,50,1450
eurosat,pca8,RBF-SVM,5,6,0.559961220725065,50,1450
eurosat,pca8,RandomForest,5,6,0.5306027382201413,50,1450
eurosat,pca8,SG-BSCM,5,7,0.5578783286015312,50,1450
eurosat,pca8,BSCM-uniform,5,7,0.5728902778878521,50,1450
eurosat,pca8,SRQFM-fid,5,7,0.5445410535085918,50,1450
eurosat,pca8,RBF-SVM,5,7,0.5651100675475362,50,1450
eurosat,pca8,RandomForest,5,7,0.5309185101483092,50,1450
eurosat,pca8,SG-BSCM,5,8,0.4822975584627473,50,1450
eurosat,pca8,BSCM-uniform,5,8,0.4778340271350041,50,1450
eurosat,pca8,SRQFM-fid,5,8,0.4784912722479392,50,1450
eurosat,pca8,RBF-SVM,5,8,0.44465460344801483,50,1450
eurosat,pca8,RandomForest,5,8,0.47128312618713286,50,1450
eurosat,pca8,SG-BSCM,5,9,0.5055086019949657,50,1450
eurosat,pca8,BSCM-uniform,5,9,0.5158704927249423,50,1450
eurosat,pca8,SRQFM-fid,5,9,0.49733312585243583,50,1450
eurosat,pca8,RBF-SVM,5,9,0.49031805835355513,50,1450
eurosat,pca8,RandomForest,5,9,0.4898850882050896,50,1450
eurosat,pca8,SG-BSCM,5,10,0.5618633057561011,50,1450
eurosat,pca8,BSCM-uniform,5,10,0.5110351495881104,50,1450
eurosat,pca8,SRQFM-fid,5,10,0.5236740905028789,50,1450
eurosat,pca8,RBF-SVM,5,10,0.5203508939259527,50,1450
eurosat,pca8,RandomForest,5,10,0.5341131899953673,50,1450
eurosat,pca8,SG-BSCM,5,11,0.4947545959928382,50,1450
eurosat,pca8,BSCM-uniform,5,11,0.4917792863208007,50,1450
eurosat,pca8,SRQFM-fid,5,11,0.4756774874880195,50,1450
eurosat,pca8,RBF-SVM,5,11,0.4451326514192327,50,1450
eurosat,pca8,RandomForest,5,11,0.48811071908263726,50,1450
eurosat,pca8,SG-BSCM,5,12,0.4430704137720805,50,1450
eurosat,pca8,BSCM-uniform,5,12,0.4366636633466089,50,1450
eurosat,pca8,SRQFM-fid,5,12,0.4606542479292731,50,1450
eurosat,pca8,RBF-SVM,5,12,0.460054940036193,50,1450
eurosat,pca8,RandomForest,5,12,0.46554859517306635,50,1450
eurosat,pca8,SG-BSCM,5,13,0.5762660714506269,50,1450
eurosat,pca8,BSCM-uniform,5,13,0.5390314389476343,50,1450
eurosat,pca8,SRQFM-fid,5,13,0.5449650991115613,50,1450
eurosat,pca8,RBF-SVM,5,13,0.5495473014604807,50,1450
eurosat,pca8,RandomForest,5,13,0.5343415739675501,50,1450
eurosat,pca8,SG-BSCM,5,14,0.563302458652152,50,1450
eurosat,pca8,BSCM-uniform,5,14,0.5283133188490415,50,1450
eurosat,pca8,SRQFM-fid,5,14,0.5289615260214742,50,1450
eurosat,pca8,RBF-SVM,5,14,0.5380992765954143,50,1450
eurosat,pca8,RandomForest,5,14,0.5046062707985608,50,1450
eurosat,pca8,SG-BSCM,5,15,0.5800238016968348,50,1450
eurosat,pca8,BSCM-uniform,5,15,0.5783891097906599,50,1450
eurosat,pca8,SRQFM-fid,5,15,0.5685890738405749,50,1450
eurosat,pca8,RBF-SVM,5,15,0.535395192700116,50,1450
eurosat,pca8,RandomForest,5,15,0.5531740408449752,50,1450
eurosat,pca8,SG-BSCM,5,16,0.5573207407476704,50,1450
eurosat,pca8,BSCM-uniform,5,16,0.5605211412137417,50,1450
eurosat,pca8,SRQFM-fid,5,16,0.5642681109052153,50,1450
eurosat,pca8,RBF-SVM,5,16,0.5305350936544758,50,1450
eurosat,pca8,RandomForest,5,16,0.5265215008707784,50,1450
eurosat,pca8,SG-BSCM,5,17,0.5696506266236676,50,1450
eurosat,pca8,BSCM-uniform,5,17,0.5510737198315119,50,1450
eurosat,pca8,SRQFM-fid,5,17,0.5422856404085468,50,1450
eurosat,pca8,RBF-SVM,5,17,0.5323374088955012,50,1450
eurosat,pca8,RandomForest,5,17,0.5368132788917854,50,1450
eurosat,pca8,SG-BSCM,5,18,0.5890752069466976,50,1450
eurosat,pca8,BSCM-uniform,5,18,0.5660113355131389,50,1450
eurosat,pca8,SRQFM-fid,5,18,0.5552425790829278,50,1450
eurosat,pca8,RBF-SVM,5,18,0.5656931130259124,50,1450
eurosat,pca8,RandomForest,5,18,0.5480937173018169,50,1450
eurosat,pca8,SG-BSCM,5,19,0.5718216411702665,50,1450
eurosat,pca8,BSCM-uniform,5,19,0.5423718529503032,50,1450
eurosat,pca8,SRQFM-fid,5,19,0.522717675700276,50,1450
eurosat,pca8,RBF-SVM,5,19,0.5130275366156816,50,1450
eurosat,pca8,RandomForest,5,19,0.5391078474193718,50,1450
eurosat,pca8,SG-BSCM,10,0,0.5744605669047089,100,1400
eurosat,pca8,BSCM-uniform,10,0,0.5860579455396753,100,1400
eurosat,pca8,SRQFM-fid,10,0,0.5565838428110121,100,1400
eurosat,pca8,RBF-SVM,10,0,0.5785371589464411,100,1400
eurosat,pca8,RandomForest,10,0,0.5487385594477068,100,1400
eurosat,pca8,SG-BSCM,10,1,0.5952845793792585,100,1400
eurosat,pca8,BSCM-uniform,10,1,0.5552794978729816,100,1400
eurosat,pca8,SRQFM-fid,10,1,0.5698883933286399,100,1400
eurosat,pca8,RBF-SVM,10,1,0.5768180602708127,100,1400
eurosat,pca8,RandomForest,10,1,0.5670943755836546,100,1400
eurosat,pca8,SG-BSCM,10,2,0.6390446639264302,100,1400
eurosat,pca8,BSCM-uniform,10,2,0.6194033595784234,100,1400
eurosat,pca8,SRQFM-fid,10,2,0.6131385644946976,100,1400
eurosat,pca8,RBF-SVM,10,2,0.622347853201274,100,1400
eurosat,pca8,RandomForest,10,2,0.594948003318266,100,1400
eurosat,pca8,SG-BSCM,10,3,0.5998516711474328,100,1400
eurosat,pca8,BSCM-uniform,10,3,0.600195816008218,100,1400
eurosat,pca8,SRQFM-fid,10,3,0.6095728289453973,100,1400
eurosat,pca8,RBF-SVM,10,3,0.5703170430553017,100,1400
eurosat,pca8,RandomForest,10,3,0.5602452810337779,100,1400
eurosat,pca8,SG-BSCM,10,4,0.5694936120410733,100,1400
eurosat,pca8,BSCM-uniform,10,4,0.5781871792459126,100,1400
eurosat,pca8,SRQFM-fid,10,4,0.5755593484096194,100,1400
eurosat,pca8,RBF-SVM,10,4,0.568824105767341,100,1400
eurosat,pca8,RandomForest,10,4,0.5614639403321922,100,1400
eurosat,pca8,SG-BSCM,10,5,0.5949383990968076,100,1400
eurosat,pca8,BSCM-uniform,10,5,0.598186185887626,100,1400
eurosat,pca8,SRQFM-fid,10,5,0.5941367032050527,100,1400
eurosat,pca8,RBF-SVM,10,5,0.5666069627357321,100,1400
eurosat,pca8,RandomForest,10,5,0.552559863197296,100,1400
eurosat,pca8,SG-BSCM,10,6,0.6380426547064024,100,1400
eurosat,pca8,BSCM-uniform,10,6,0.6268370168583,100,1400
eurosat,pca8,SRQFM-fid,10,6,0.6291975083196938,100,1400
eurosat,pca8,RBF-SVM,10,6,0.6010263928331239,100,1400
eurosat,pca8,RandomForest,10,6,0.5880994125028793,100,1400
eurosat,pca8,SG-BSCM,10,7,0.6306848539149061,100,1400
eurosat,pca8,BSCM-uniform,10,7,0.6124961230945206,100,1400
eurosat,pca8,SRQFM-fid,10,7,0.5881726920061824,100,1400
eurosat,pca8,RBF-SVM,10,7,0.610356513741364,100,1400
eurosat,pca8,RandomForest,10,7,0.6015558295101764,100,1400
eurosat,pca8,SG-BSCM,10,8,0.5951216868016622,100,1400
eurosat,pca8,BSCM-uniform,10,8,0.5944091523051719,100,1400
eurosat,pca8,SRQFM-fid,10,8,0.5873621574921538,100,1400
eurosat,pca8,RBF-SVM,10,8,0.5915987532800433,100,1400
eurosat,pca8,RandomForest,10,8,0.5879130340483846,100,1400
eurosat,pca8,SG-BSCM,10,9,0.5989589676725321,100,1400
eurosat,pca8,BSCM-uniform,10,9,0.5919890933522594,100,1400
eurosat,pca8,SRQFM-fid,10,9,0.5718298514326141,100,1400
eurosat,pca8,RBF-SVM,10,9,0.6020776973691639,100,1400
eurosat,pca8,RandomForest,10,9,0.5942508586710304,100,1400
eurosat,pca8,SG-BSCM,10,10,0.6382974036927687,100,1400
eurosat,pca8,BSCM-uniform,10,10,0.6210755501085361,100,1400
eurosat,pca8,SRQFM-fid,10,10,0.6143594352843968,100,1400
eurosat,pca8,RBF-SVM,10,10,0.6068694672579399,100,1400
eurosat,pca8,RandomForest,10,10,0.6025898158783328,100,1400
eurosat,pca8,SG-BSCM,10,11,0.6232192290265723,100,1400
eurosat,pca8,BSCM-uniform,10,11,0.6182692477271498,100,1400
eurosat,pca8,SRQFM-fid,10,11,0.6023445683945787,100,1400
eurosat,pca8,RBF-SVM,10,11,0.6167438777893334,100,1400
eurosat,pca8,RandomForest,10,11,0.5998462349967986,100,1400
eurosat,pca8,SG-BSCM,10,12,0.5712684291369607,100,1400
eurosat,pca8,BSCM-uniform,10,12,0.5872271377740297,100,1400
eurosat,pca8,SRQFM-fid,10,12,0.5848679539892943,100,1400
eurosat,pca8,RBF-SVM,10,12,0.5996075276220585,100,1400
eurosat,pca8,RandomForest,10,12,0.570811987239114,100,1400
eurosat,pca8,SG-BSCM,10,13,0.6275954987570096,100,1400
eurosat,pca8,BSCM-uniform,10,13,0.5890779961844712,100,1400
eurosat,pca8,SRQFM-fid,10,13,0.5991653728019971,100,1400
eurosat,pca8,RBF-SVM,10,13,0.5999211370283668,100,1400
eurosat,pca8,RandomForest,10,13,0.5619699646291891,100,1400
eurosat,pca8,SG-BSCM,10,14,0.6255629371112731,100,1400
eurosat,pca8,BSCM-uniform,10,14,0.6177312934601342,100,1400
eurosat,pca8,SRQFM-fid,10,14,0.6156558774473213,100,1400
eurosat,pca8,RBF-SVM,10,14,0.5898066364228802,100,1400
eurosat,pca8,RandomForest,10,14,0.5846776530146728,100,1400
eurosat,pca8,SG-BSCM,10,15,0.6238649719616195,100,1400
eurosat,pca8,BSCM-uniform,10,15,0.6273984971214476,100,1400
eurosat,pca8,SRQFM-fid,10,15,0.6175262662344606,100,1400
eurosat,pca8,RBF-SVM,10,15,0.5688314616514926,100,1400
eurosat,pca8,RandomForest,10,15,0.5971418957621859,100,1400
eurosat,pca8,SG-BSCM,10,16,0.626014008885969,100,1400
eurosat,pca8,BSCM-uniform,10,16,0.6465039244226005,100,1400
eurosat,pca8,SRQFM-fid,10,16,0.6126040553759677,100,1400
eurosat,pca8,RBF-SVM,10,16,0.6403736990688114,100,1400
eurosat,pca8,RandomForest,10,16,0.6156107899731673,100,1400
eurosat,pca8,SG-BSCM,10,17,0.6228527408329735,100,1400
eurosat,pca8,BSCM-uniform,10,17,0.6294871049211955,100,1400
eurosat,pca8,SRQFM-fid,10,17,0.612013296649635,100,1400
eurosat,pca8,RBF-SVM,10,17,0.5999652494426848,100,1400
eurosat,pca8,RandomForest,10,17,0.5730571031714528,100,1400
eurosat,pca8,SG-BSCM,10,18,0.604467801733046,100,1400
eurosat,pca8,BSCM-uniform,10,18,0.6134421975256489,100,1400
eurosat,pca8,SRQFM-fid,10,18,0.6109430572870751,100,1400
eurosat,pca8,RBF-SVM,10,18,0.5948033135416615,100,1400
eurosat,pca8,RandomForest,10,18,0.5925692692176482,100,1400
eurosat,pca8,SG-BSCM,10,19,0.6315513120865673,100,1400
eurosat,pca8,BSCM-uniform,10,19,0.6259584752496268,100,1400
eurosat,pca8,SRQFM-fid,10,19,0.6000975021247428,100,1400
eurosat,pca8,RBF-SVM,10,19,0.615863206372621,100,1400
eurosat,pca8,RandomForest,10,19,0.6093695062487494,100,1400
eurosat,pca8,SG-BSCM,20,0,0.6542816248135337,200,1300
eurosat,pca8,BSCM-uniform,20,0,0.6325057835400598,200,1300
eurosat,pca8,SRQFM-fid,20,0,0.6511113934594357,200,1300
eurosat,pca8,RBF-SVM,20,0,0.6432416246022282,200,1300
eurosat,pca8,RandomForest,20,0,0.6205300336355278,200,1300
eurosat,pca8,SG-BSCM,20,1,0.6614252613946136,200,1300
eurosat,pca8,BSCM-uniform,20,1,0.6807065047552359,200,1300
eurosat,pca8,SRQFM-fid,20,1,0.6683480895929446,200,1300
eurosat,pca8,RBF-SVM,20,1,0.6934197282408975,200,1300
eurosat,pca8,RandomForest,20,1,0.6313494081331145,200,1300
eurosat,pca8,SG-BSCM,20,2,0.6765160174899367,200,1300
eurosat,pca8,BSCM-uniform,20,2,0.6799250057605367,200,1300
eurosat,pca8,SRQFM-fid,20,2,0.6679114085993996,200,1300
eurosat,pca8,RBF-SVM,20,2,0.6594608341002173,200,1300
eurosat,pca8,RandomForest,20,2,0.6399409459902913,200,1300
eurosat,pca8,SG-BSCM,20,3,0.6454461564372265,200,1300
eurosat,pca8,BSCM-uniform,20,3,0.6530342725839189,200,1300
eurosat,pca8,SRQFM-fid,20,3,0.6409210596589555,200,1300
eurosat,pca8,RBF-SVM,20,3,0.6632478567371074,200,1300
eurosat,pca8,RandomForest,20,3,0.6488924098913836,200,1300
eurosat,pca8,SG-BSCM,20,4,0.6567965209977176,200,1300
eurosat,pca8,BSCM-uniform,20,4,0.6565241472177001,200,1300
eurosat,pca8,SRQFM-fid,20,4,0.6571142622332014,200,1300
eurosat,pca8,RBF-SVM,20,4,0.6375114221160574,200,1300
eurosat,pca8,RandomForest,20,4,0.6258681726913146,200,1300
eurosat,pca8,SG-BSCM,20,5,0.6552251172281455,200,1300
eurosat,pca8,BSCM-uniform,20,5,0.645492230954031,200,1300
eurosat,pca8,SRQFM-fid,20,5,0.6560985481644931,200,1300
eurosat,pca8,RBF-SVM,20,5,0.6312677521874941,200,1300
eurosat,pca8,RandomForest,20,5,0.6354546388016749,200,1300
eurosat,pca8,SG-BSCM,20,6,0.6578838924491685,200,1300
eurosat,pca8,BSCM-uniform,20,6,0.6503657312734085,200,1300
eurosat,pca8,SRQFM-fid,20,6,0.6447518208543541,200,1300
eurosat,pca8,RBF-SVM,20,6,0.6491893543868001,200,1300
eurosat,pca8,RandomForest,20,6,0.6050820238787901,200,1300
eurosat,pca8,SG-BSCM,20,7,0.6634545036750243,200,1300
eurosat,pca8,BSCM-uniform,20,7,0.6525803143515077,200,1300
eurosat,pca8,SRQFM-fid,20,7,0.6506085784738155,200,1300
eurosat,pca8,RBF-SVM,20,7,0.6443435585984287,200,1300
eurosat,pca8,RandomForest,20,7,0.6180111403796814,200,1300
eurosat,pca8,SG-BSCM,20,8,0.6747266381803596,200,1300
eurosat,pca8,BSCM-uniform,20,8,0.6673261496813059,200,1300
eurosat,pca8,SRQFM-fid,20,8,0.6595955405674114,200,1300
eurosat,pca8,RBF-SVM,20,8,0.6670283112098392,200,1300
eurosat,pca8,RandomForest,20,8,0.6121084104760504,200,1300
eurosat,pca8,SG-BSCM,20,9,0.6501215713538409,200,1300
eurosat,pca8,BSCM-uniform,20,9,0.6492915371403329,200,1300
eurosat,pca8,SRQFM-fid,20,9,0.6356125704628088,200,1300
eurosat,pca8,RBF-SVM,20,9,0.6598952278556932,200,1300
eurosat,pca8,RandomForest,20,9,0.6352442277072556,200,1300
eurosat,pca8,SG-BSCM,20,10,0.667090557876584,200,1300
eurosat,pca8,BSCM-uniform,20,10,0.6581921475910691,200,1300
eurosat,pca8,SRQFM-fid,20,10,0.6567786272445952,200,1300
eurosat,pca8,RBF-SVM,20,10,0.6729736590057331,200,1300
eurosat,pca8,RandomForest,20,10,0.6416162700739061,200,1300
eurosat,pca8,SG-BSCM,20,11,0.6694757345781139,200,1300
eurosat,pca8,BSCM-uniform,20,11,0.6523407474278242,200,1300
eurosat,pca8,SRQFM-fid,20,11,0.6619480796981189,200,1300
eurosat,pca8,RBF-SVM,20,11,0.6484196991874347,200,1300
eurosat,pca8,RandomForest,20,11,0.657391625064494,200,1300
eurosat,pca8,SG-BSCM,20,12,0.6742495834882475,200,1300
eurosat,pca8,BSCM-uniform,20,12,0.676036769605574,200,1300
eurosat,pca8,SRQFM-fid,20,12,0.6662823710327233,200,1300
eurosat,pca8,RBF-SVM,20,12,0.6406306371055063,200,1300
eurosat,pca8,RandomForest,20,12,0.6381328044574156,200,1300
eurosat,pca8,SG-BSCM,20,13,0.6588343178639916,200,1300
eurosat,pca8,BSCM-uniform,20,13,0.6547698306840612,200,1300
eurosat,pca8,SRQFM-fid,20,13,0.6428267434527982,200,1300
eurosat,pca8,RBF-SVM,20,13,0.6505830606782764,200,1300
eurosat,pca8,RandomForest,20,13,0.6167475595667287,200,1300
eurosat,pca8,SG-BSCM,20,14,0.6454410571869661,200,1300
eurosat,pca8,BSCM-uniform,20,14,0.6552536560962607,200,1300
eurosat,pca8,SRQFM-fid,20,14,0.6288535998271185,200,1300
eurosat,pca8,RBF-SVM,20,14,0.6713093933696554,200,1300
eurosat,pca8,RandomForest,20,14,0.6272137920263099,200,1300
eurosat,pca8,SG-BSCM,20,15,0.6879245617117855,200,1300
eurosat,pca8,BSCM-uniform,20,15,0.6755705825796293,200,1300
eurosat,pca8,SRQFM-fid,20,15,0.6730239835395477,200,1300
eurosat,pca8,RBF-SVM,20,15,0.6568237157236652,200,1300
eurosat,pca8,RandomForest,20,15,0.6640114041021885,200,1300
eurosat,pca8,SG-BSCM,20,16,0.6850512299282911,200,1300
eurosat,pca8,BSCM-uniform,20,16,0.6828784070007504,200,1300
eurosat,pca8,SRQFM-fid,20,16,0.6579151213762703,200,1300
eurosat,pca8,RBF-SVM,20,16,0.672879568637634,200,1300
eurosat,pca8,RandomForest,20,16,0.648656819002243,200,1300
eurosat,pca8,SG-BSCM,20,17,0.6744585691649776,200,1300
eurosat,pca8,BSCM-uniform,20,17,0.6721350881218677,200,1300
eurosat,pca8,SRQFM-fid,20,17,0.6496863108919066,200,1300
eurosat,pca8,RBF-SVM,20,17,0.6666540714709333,200,1300
eurosat,pca8,RandomForest,20,17,0.6210150544438433,200,1300
eurosat,pca8,SG-BSCM,20,18,0.6581479411176641,200,1300
eurosat,pca8,BSCM-uniform,20,18,0.6573827937881147,200,1300
eurosat,pca8,SRQFM-fid,20,18,0.650655147619677,200,1300
eurosat,pca8,RBF-SVM,20,18,0.6409214302664232,200,1300
eurosat,pca8,RandomForest,20,18,0.6374394184044465,200,1300
eurosat,pca8,SG-BSCM,20,19,0.6820769862883621,200,1300
eurosat,pca8,BSCM-uniform,20,19,0.6853402675545619,200,1300
eurosat,pca8,SRQFM-fid,20,19,0.679914121536467,200,1300
eurosat,pca8,RBF-SVM,20,19,0.6270501052524071,200,1300
eurosat,pca8,RandomForest,20,19,0.6235317182681696,200,1300
eurosat,pca8,SG-BSCM,50,0,0.7188579304242654,500,1000
eurosat,pca8,BSCM-uniform,50,0,0.7346213541774443,500,1000
eurosat,pca8,SRQFM-fid,50,0,0.6913557840028668,500,1000
eurosat,pca8,RBF-SVM,50,0,0.7288291752003069,500,1000
eurosat,pca8,RandomForest,50,0,0.705718731969824,500,1000
eurosat,pca8,SG-BSCM,50,1,0.7118737331262194,500,1000
eurosat,pca8,BSCM-uniform,50,1,0.721758565303928,500,1000
eurosat,pca8,SRQFM-fid,50,1,0.7287557024150455,500,1000
eurosat,pca8,RBF-SVM,50,1,0.714568950517326,500,1000
eurosat,pca8,RandomForest,50,1,0.6908632961779976,500,1000
eurosat,pca8,SG-BSCM,50,2,0.735076681848779,500,1000
eurosat,pca8,BSCM-uniform,50,2,0.7343414576761906,500,1000
eurosat,pca8,SRQFM-fid,50,2,0.7266533848648581,500,1000
eurosat,pca8,RBF-SVM,50,2,0.701947943928752,500,1000
eurosat,pca8,RandomForest,50,2,0.6928575641563065,500,1000
eurosat,pca8,SG-BSCM,50,3,0.7401278131770279,500,1000
eurosat,pca8,BSCM-uniform,50,3,0.7332134308473487,500,1000
eurosat,pca8,SRQFM-fid,50,3,0.7304647469308435,500,1000
eurosat,pca8,RBF-SVM,50,3,0.7373963037139877,500,1000
eurosat,pca8,RandomForest,50,3,0.7178314249333368,500,1000
eurosat,pca8,SG-BSCM,50,4,0.7210960537692311,500,1000
eurosat,pca8,BSCM-uniform,50,4,0.7417749256953632,500,1000
eurosat,pca8,SRQFM-fid,50,4,0.7045974324745221,500,1000
eurosat,pca8,RBF-SVM,50,4,0.7311604537542078,500,1000
eurosat,pca8,RandomForest,50,4,0.6913431446797249,500,1000
eurosat,pca8,SG-BSCM,50,5,0.7296460100942037,500,1000
eurosat,pca8,BSCM-uniform,50,5,0.7227133501908776,500,1000
eurosat,pca8,SRQFM-fid,50,5,0.7125194657533681,500,1000
eurosat,pca8,RBF-SVM,50,5,0.7147487451469636,500,1000
eurosat,pca8,RandomForest,50,5,0.6983238320879017,500,1000
eurosat,pca8,SG-BSCM,50,6,0.7303237208381068,500,1000
eurosat,pca8,BSCM-uniform,50,6,0.7190817243890756,500,1000
eurosat,pca8,SRQFM-fid,50,6,0.7110423944302059,500,1000
eurosat,pca8,RBF-SVM,50,6,0.7164209742996175,500,1000
eurosat,pca8,RandomForest,50,6,0.6907850198083143,500,1000
eurosat,pca8,SG-BSCM,50,7,0.7284204419677252,500,1000
eurosat,pca8,BSCM-uniform,50,7,0.7228805774712386,500,1000
eurosat,pca8,SRQFM-fid,50,7,0.7062752838121746,500,1000
eurosat,pca8,RBF-SVM,50,7,0.6966356911135412,500,1000
eurosat,pca8,RandomForest,50,7,0.6989705775036639,500,1000
eurosat,pca8,SG-BSCM,50,8,0.7323140562669133,500,1000
eurosat,pca8,BSCM-uniform,50,8,0.7052407146637905,500,1000
eurosat,pca8,SRQFM-fid,50,8,0.7221916260164056,500,1000
eurosat,pca8,RBF-SVM,50,8,0.7004279541313786,500,1000
eurosat,pca8,RandomForest,50,8,0.7044633666517731,500,1000
eurosat,pca8,SG-BSCM,50,9,0.7273713281527208,500,1000
eurosat,pca8,BSCM-uniform,50,9,0.7276547112581359,500,1000
eurosat,pca8,SRQFM-fid,50,9,0.7237531907329479,500,1000
eurosat,pca8,RBF-SVM,50,9,0.7183815077737048,500,1000
eurosat,pca8,RandomForest,50,9,0.6860961649881603,500,1000
eurosat,pca8,SG-BSCM,50,10,0.7317643302746013,500,1000
eurosat,pca8,BSCM-uniform,50,10,0.7300904899663805,500,1000
eurosat,pca8,SRQFM-fid,50,10,0.7316324710927805,500,1000
eurosat,pca8,RBF-SVM,50,10,0.7331260062217841,500,1000
eurosat,pca8,RandomForest,50,10,0.6948737141663938,500,1000
eurosat,pca8,SG-BSCM,50,11,0.7469515339444639,500,1000
eurosat,pca8,BSCM-uniform,50,11,0.7443090834383175,500,1000
eurosat,pca8,SRQFM-fid,50,11,0.7376107019301449,500,1000
eurosat,pca8,RBF-SVM,50,11,0.7467394078748497,500,1000
eurosat,pca8,RandomForest,50,11,0.7004642077284811,500,1000
eurosat,pca8,SG-BSCM,50,12,0.7580089206944198,500,1000
eurosat,pca8,BSCM-uniform,50,12,0.7545812060161998,500,1000
eurosat,pca8,SRQFM-fid,50,12,0.7398010132723918,500,1000
eurosat,pca8,RBF-SVM,50,12,0.7400800561251126,500,1000
eurosat,pca8,RandomForest,50,12,0.7104261047628685,500,1000
eurosat,pca8,SG-BSCM,50,13,0.7439459442679367,500,1000
eurosat,pca8,BSCM-uniform,50,13,0.7475097086298389,500,1000
eurosat,pca8,SRQFM-fid,50,13,0.7448760581840805,500,1000
eurosat,pca8,RBF-SVM,50,13,0.7301295225604317,500,1000
eurosat,pca8,RandomForest,50,13,0.6994240697629693,500,1000
eurosat,pca8,SG-BSCM,50,14,0.7298699610238704,500,1000
eurosat,pca8,BSCM-uniform,50,14,0.7211851870294264,500,1000
eurosat,pca8,SRQFM-fid,50,14,0.7104664380674938,500,1000
eurosat,pca8,RBF-SVM,50,14,0.7286965178560462,500,1000
eurosat,pca8,RandomForest,50,14,0.685467370449965,500,1000
eurosat,pca8,SG-BSCM,50,15,0.7383775094175512,500,1000
eurosat,pca8,BSCM-uniform,50,15,0.7070746746978029,500,1000
eurosat,pca8,SRQFM-fid,50,15,0.6740783081330141,500,1000
eurosat,pca8,RBF-SVM,50,15,0.7039402792475377,500,1000
eurosat,pca8,RandomForest,50,15,0.7041520151718196,500,1000
eurosat,pca8,SG-BSCM,50,16,0.7314997085897024,500,1000
eurosat,pca8,BSCM-uniform,50,16,0.7103220704499156,500,1000
eurosat,pca8,SRQFM-fid,50,16,0.7098683288275968,500,1000
eurosat,pca8,RBF-SVM,50,16,0.7289418568156489,500,1000
eurosat,pca8,RandomForest,50,16,0.6838577278009745,500,1000
eurosat,pca8,SG-BSCM,50,17,0.7390842606491927,500,1000
eurosat,pca8,BSCM-uniform,50,17,0.7539072163418348,500,1000
eurosat,pca8,SRQFM-fid,50,17,0.7438463570861038,500,1000
eurosat,pca8,RBF-SVM,50,17,0.7457902494787745,500,1000
eurosat,pca8,RandomForest,50,17,0.7052288562439468,500,1000
eurosat,pca8,SG-BSCM,50,18,0.7344906804298829,500,1000
eurosat,pca8,BSCM-uniform,50,18,0.7339145909417085,500,1000
eurosat,pca8,SRQFM-fid,50,18,0.7208663394186173,500,1000
eurosat,pca8,RBF-SVM,50,18,0.7268050303726217,500,1000
eurosat,pca8,RandomForest,50,18,0.7058989675502173,500,1000
eurosat,pca8,SG-BSCM,50,19,0.7281401417053696,500,1000
eurosat,pca8,BSCM-uniform,50,19,0.7283657956932632,500,1000
eurosat,pca8,SRQFM-fid,50,19,0.718435441418917,500,1000
eurosat,pca8,RBF-SVM,50,19,0.7262545283546981,500,1000
eurosat,pca8,RandomForest,50,19,0.6770410454268126,500,1000
